id,name,level,craftingPrice,material1,base1,count1,material2,base2,count2,material3,base3,count3,material4,base4,count4,material5,base5,count5
1,밀짚끈,1,1,밀,0,1,,,,,,,,,,,,
2,네이쳐 오가닉 소파,2,1,밀짚끈,1,2,,,,,,,,,,,,
3,네이쳐 오가닉 테이블,2,2,밀짚끈,1,3,,,,,,,,,,,,
4,에코 바구니,3,2,밀짚끈,1,1,밀,0,1,,,,,,,,,
5,딸기 향초,3,2,밀짚끈,1,1,딸기,0,1,,,,,,,,,
6,나무 막대기,5,5,전나무 목재,0,1,,,,,,,,,,,,
7,빨간 리본 빗자루,5,8,나무 막대기,1,1,밀,0,4,,,,,,,,,
8,네이쳐 오가닉 쿠션 소파,5,9,밀짚끈,0,2,네이쳐 오가닉 소파,1,1,전나무 목재,0,1,,,,,,
9,나무 판자,6,10,전나무 목재,0,2,,,,,,,,,,,,
10,원목 서랍장,6,16,나무 막대기,1,1,전나무 목재,0,2,,,,,,,,,
11,원목 양념통,6,12,나무 막대기,1,2,,,,,,,,,,,,
12,베이직 우드 테이블,6,16,전나무 목재,0,2,나무 막대기,1,1,,,,,,,,,
13,버찌잎 액자,6,24,나무 판자,1,2,씨앗,0,1,,,,,,,,,
14,짧은 우드 울타리,7,7,전나무 목재,0,1,밀짚끈,1,1,,,,,,,,,
15,초록 포포레스 화분,7,13,묘목,0,2,나무 막대기,1,1,,,,,,,,,
16,빨간 포포레스 화병,7,8,씨앗,0,2,나무 막대기,1,1,,,,,,,,,
17,과일 바구니,7,20,사과,0,1,에코 바구니,1,1,토마토,0,3,,,,,,
18,베이직 원목 의자,7,37,나무 막대기,1,4,나무 판자,1,1,,,,,,,,,
19,원목 찬장,7,40,원목 양념통,1,1,나무 판자,1,2,,,,,,,,,
20,베이직 우드 창문,8,77,나무 판자,1,5,나무 넝쿨,0,2,,,,,,,,,
21,우드 레이스 테이블,9,40,나무 막대기,1,4,전나무 목재,0,2,,,,,,,,,
22,베이직 2인 의자,9,128,베이직 원목 의자,1,2,나무 판자,1,2,,,,,,,,,
23,내츄럴 스톤 중간벽,10,21,나무 판자,1,1,자갈,0,5,,,,,,,,,
24,기다란 우드 울타리,10,18,짧은 우드 울타리,1,2,,,,,,,,,,,,
25,원목 원형 테이블,10,58,전나무 목재,0,4,네이쳐 오가닉 테이블,1,1,나무 막대기,1,4,,,,,,
26,베이직 코튼 침대,10,229,전나무 목재,0,10,나무 판자,1,5,무명천,1,7,,,,,,
27,레드코튼 원형 체어,11,73,빨간 무명천,1,1,나무 막대기,1,4,솜,0,2,,,,,,
28,야채 상자,12,80,나무 판자,1,4,토마토,0,3,,,,,,,,,
29,고급 나무 중간벽,12,69,나무 판자,1,4,자갈,0,5,,,,,,,,,
30,레드 코튼 1인용 소파,12,173,나무 판자,1,4,빨간 무명천,1,3,솜,0,4,,,,,,
31,고급 나무 벽지,12,198,나무 판자,1,8,무명천,1,5,,,,,,,,,
32,레이스 라운딩 테이블,13,154,레이스,1,2,원목 원형 테이블,1,1,,,,,,,,,
33,원목 조미료 선반,13,138,원목 찬장,1,1,원목 양념통,1,4,,,,,,,,,
34,짧은 수풀 울타리,14,62,초록 포포레스 화분,1,2,나무 막대기,1,2,나무 넝쿨,0,1,,,,,,
35,원목 청록색 문,14,212,나무 막대기,1,5,나무 판자,1,10,블루베리,0,1,,,,,,
36,기다란 수풀 울타리,14,158,짧은 수풀 울타리,1,2,,,,,,,,,,,,
37,분홍 장미,15,55,딸기,0,3,노란장미,0,2,나무 넝쿨,0,1,,,,,,
38,알록달록 도트 중간벽,15,89,나무 판자,1,3,빨간 무명천,1,1,무명천,1,1,,,,,,
39,지그재그 스티치 중간벽,15,139,무명천,1,2,나무 판자,1,4,노란장미,0,2,,,,,,
40,아이보리 스톤 타일,15,183,나무 판자,1,10,자갈,0,10,,,,,,,,,
41,레드 코튼 2인용 소파,15,522,레드 코튼 1인용 소파,1,2,나무 막대기,1,6,,,,,,,,,
42,종이,16,8,전나무 목재,0,1,,,,,,,,,,,,
43,빨간 색연필,16,24,나무 막대기,1,1,사과,0,3,씨앗,0,1,,,,,,
44,책,16,71,양가죽,0,1,종이,1,3,,,,,,,,,
45,패브릭 라운딩 액자,16,382,무명천,1,10,버찌잎 액자,1,3,털실,1,6,,,,,,
46,양초,17,32,오렌지,0,1,딸기 향초,1,1,전나무 목재,0,1,,,,,,
47,빈티지 서랍 과일 상자,17,324,사과,0,6,나무 판자,1,6,가죽끈,1,2,오렌지,0,4,,,
48,화이트 블라인드 창문,18,907,유리,1,8,베이직 우드 창문,1,1,무명천,1,12,,,,,,
49,별님 총총 액자,19,296,유리,1,1,나무 판자,1,3,금속 막대기,1,2,,,,,,
50,고급 나무 막대기,20,65,단풍나무 목재,0,1,,,,,,,,,,,,
51,몽상가 책상 의자,20,379,나무 판자,1,2,고급 나무 막대기,1,2,못,1,2,,,,,,
52,새싹라인 우드 파티션,20,355,나무 판자,1,4,단풍나무 목재,0,3,못,1,1,,,,,,
53,꿈꾸는 몽상가 책상,20,1060,못,1,4,단풍나무 목재,0,8,유리,1,2,종이,1,5,,,
54,우드라운드 미니 테이블,20,444,전나무 목재,0,3,단풍나무 목재,0,3,레이스 라운딩 테이블,1,1,,,,,,
55,화이트리스 현관문,20,1650,노란장미,0,3,원목 청록색 문,1,1,고급 나무 막대기,1,10,금속 막대기,1,5,,,
56,로즈우드 앤틱 의자,21,439,못,1,2,베이직 원목 의자,1,1,단풍나무 목재,0,3,,,,,,
57,유러피안 미니 협탁,21,518,단풍나무 목재,0,3,원목 서랍장,1,2,못,1,3,,,,,,
58,플로럴 레이스 테이블,21,888,레이스,1,3,레이스 라운딩 테이블,1,1,단풍나무 목재,0,8,,,,,,
59,유러피안 오픈 책꽂이,21,653,종이,1,10,원목 조미료 선반,1,1,고급 나무 막대기,1,4,,,,,,
60,아쿠아 레이스 창문,21,2244,고급 나무 막대기,1,10,화이트 블라인드 창문,1,1,레이스,1,3,,,,,,
61,로즈우드 앤틱 서랍장,22,625,고급 나무 막대기,1,6,원목 서랍장,1,1,노란장미,0,3,,,,,,
62,로즈우드 앤틱 옷장,22,1052,금속 막대기,1,4,단풍나무 목재,0,4,가죽끈,1,6,노란장미,0,3,,,
63,고급 나무 판자,23,136,단풍나무 목재,0,2,,,,,,,,,,,,
64,브라운 투톤 스툴,23,578,고급 나무 판자,1,2,나무 판자,1,2,못,1,2,,,,,,
65,리본 프렌치 마네킹,23,526,천,1,2,고급 나무 막대기,1,2,가죽끈,1,2,빨간 리본,1,1,,,
66,유러피안 1인 소파,23,1193,고급 나무 판자,1,2,레드 코튼 1인용 소파,1,1,천,1,4,못,1,2,,,
67,통통비치 썬배드,25,1846,솜,0,5,고급 나무 판자,1,6,천,1,3,못,1,4,,,
68,네이비 도트 키친 카운터,26,2771,원목 서랍장,1,2,고급 나무 판자,1,4,조리 도구 세트,1,2,못,1,5,,,
69,유러피안 폭신쿠션 의자,26,1358,가죽 단추,1,2,유러피안 스너그 체어,1,2,토끼털,0,5,,,,,,
70,라임 그린꽃 중간벽,27,882,찻잎,0,5,고급 나무 판자,1,3,못,1,1,,,,,,
71,네이비 도트 베이킹 세트,27,736,고무,0,5,나무 판자,1,5,금속판,1,2,,,,,,
72,네이비 도트 주방 식기 행거,27,2875,프라이팬,1,1,팬 식기 우드 행거,1,1,무명천,1,5,,,,,,
73,유러피안 2인 소파,27,5362,고급 나무 판자,1,8,유러피안 1인 소파,1,2,토끼털,0,8,,,,,,
74,해피바스 헤어 트리트먼트 테이블,28,948,라벤더,0,6,우드 레이스 테이블,1,1,밀,0,10,유리병,1,1,,,
75,네이비 도트 식기 선반,28,4397,프라이팬,1,2,고급 나무 판자,1,5,호스타 우드 플랜터,1,1,그릇,1,2,,,
76,해피바스 화이트 원목 액자,29,854,못,1,1,고급 나무 판자,1,2,가죽끈,1,5,나무 판자,1,2,,,
77,하늘 넝쿨 중간벽,29,1095,못,1,2,고급 나무 중간벽,1,1,고급 나무 판자,1,4,블루베리,0,2,,,
78,해피바스 싱그러운 화병 창문,29,2980,유리병,1,1,화이트 블라인드 창문,1,2,묘목,0,1,,,,,,
79,화이트 도트 중간벽,30,1228,고급 나무 판자,1,4,종이,1,7,시멘트,1,1,,,,,,
80,해피바스 리본 빗자루,32,1094,고급 나무 막대기,1,4,빨간 리본 빗자루,1,1,가죽 태슬,1,3,,,,,,
81,클린 우드 빗자루,33,971,고급 나무 막대기,1,5,빨간 리본 빗자루,1,1,못,1,3,고무,0,3,,,
82,네이비 도트 원형 스툴,33,1452,브라운 투톤 스툴,1,1,파란 톱니 물약,1,1,,,,,,,,,
83,티 사이드 테이블,33,2333,단풍나무 목재,0,10,고급 나무 판자,1,5,모던레더 우드 테이블,1,1,,,,,,
84,앨리스 키친 카운터,35,2192,레이스,1,1,고급 나무 판자,1,5,고급 나무 막대기,1,4,실크,1,2,,,
85,우드 레스토랑 보드,36,4559,고래기름,1,3,고급 나무 판자,1,6,석회석,0,2,,,,,,
86,은은한 향초 테이블,36,2070,우드라운드 미니 테이블,1,1,라벤더향 디퓨저,1,1,,,,,,,,,
87,앨리스 키친 더블 카운터,36,7093,금속 막대기,1,4,앨리스 키친 카운터,1,2,못,1,6,,,,,,
88,앨리스 키친 티 테이블,38,4531,고급 나무 판자,1,4,앨리스 키친 카운터,1,1,못,1,6,,,,,,
89,유러피안 벨라 침대,39,15180,실크,1,20,금 막대기,1,6,고급 나무 판자,1,20,토끼털,0,20,베이직 코튼 침대,1,1
90,오동나무 막대기,40,226,오동나무 목재,0,1,,,,,,,,,,,,
91,오동나무 판자,40,452,오동나무 목재,0,2,,,,,,,,,,,,
92,가드닝 파티 원목 의자,40,6248,실크,1,3,앨리스 키친 쿠션 의자,1,1,오동나무 막대기,1,4,양털,0,10,,,
93,가드닝 파티 원목 쿠션 벤치,40,12666,오동나무 판자,1,4,가드닝 파티 원목 의자,1,1,못,1,4,고급 나무 막대기,1,10,,,
94,가드닝 파티 원형 테이블,40,9168,금,0,3,앨리스 키친 카운터,1,1,오동나무 막대기,1,10,식탁보,1,3,은,0,3
95,가드닝 파티 기다란 테이블,40,22147,금,0,6,앨리스 키친 더블 카운터,1,1,오동나무 판자,1,10,식탁보,1,6,은,0,6
96,기다란 예약 손님 테이블,40,42680,통통비치 해변 램프,1,1,화려한 은제 촛대,1,1,가드닝 파티 기다란 테이블,1,1,하우스 뷔페 은제 그릇,1,1,식기 세트,1,4
97,플라워 파티 알림판,40,5415,금 막대기,1,4,오동나무 판자,1,2,흰산호,0,5,미니 레드 스퀘어 화병,1,1,,,
98,가드닝 파티 샐러드 바,41,17882,후레쉬 치킨 샐러드,1,1,가드닝 파티 청정 화분,1,1,오동나무 판자,1,5,초밥 세트,1,1,오동나무 막대기,1,4
99,용감한 모험가의 모형 배,41,4017,토끼털,0,5,오동나무 막대기,1,3,오동나무 판자,1,3,실크,1,2,빨간 무명천,1,1
100,활짝 핀 프리지아 미니꽃병,42,4601,화병,1,1,노란 프리지아 화병,1,1,지그재그 물조리개,1,1,파란 톱니 물약,1,2,,,
101,자연주의 에코 나뭇잎 벽지,42,12724,오동나무 판자,1,8,하늘 넝쿨 벽지,1,1,초록빛 10종 랜덤 염색약,1,1,종이,1,10,,,
102,자연주의 에코 스톤 타일 바닥,42,11843,조개,0,5,퓨어 화이트 타일,1,1,흰산호,0,5,자수정,0,2,,,
103,포레스트 더블 도어 현관문,42,28417,시멘트,1,5,로즈우드 앤틱 문,1,4,오동나무 판자,1,8,은 막대기,1,4,,,
104,포레스트 케이스먼트 창문,42,20065,시멘트,1,3,아쿠아 레이스 창문,1,4,오동나무 판자,1,6,못,1,6,,,
105,원트리 숲속의 괘종시계,42,3647,오동나무 목재,0,6,모던레더 탁상 시계,1,1,금,0,5,유리,1,4,,,
106,깅코 1인 덩굴 체어,43,6079,오동나무 막대기,1,5,고무,0,4,통통비치 철제 야외 의자,1,1,금,0,6,나무 넝쿨,0,2
107,원트리 사무용 의자,43,4120,오동나무 막대기,1,4,로즈우드 앤틱 의자,1,1,오동나무 판자,1,2,패브릭 3종 세트,1,1,,,
108,깅코 2인 덩굴 체어,43,18720,오동나무 판자,1,2,깅코 1인 덩굴 체어,1,2,못,1,4,,,,,,
109,밀크 화이트 원목 장식장,43,5385,율마 자기 화분,1,1,유러피안 미니 협탁,1,1,책,1,8,알루미늄 금속,1,4,,,
110,원트리 포레스트 테이블,43,11984,유리,1,4,오동나무 판자,1,2,가드닝 파티 청정 화분,1,1,오동나무 막대기,1,6,,,
111,원트리 사무용 책상,43,18541,연금술 입문서,1,1,깔끔한 화이트 프레임 유리 보조 탁자,1,1,오동나무 판자,1,4,가죽 주머니,1,1,,,
112,테트리 원목 수납장,43,7530,못,1,6,올리브 그린 포슬린,1,1,오동나무 판자,1,8,책,1,6,플라워 선인장 화분,1,1
113,초록잎 원목 수납 벤치,44,9296,못,1,4,모던레더 사이드 테이블,1,1,오동나무 판자,1,4,식탁보,1,2,,,
114,자연주의 에코 브릭 벽지,44,27556,레몬,0,6,오동나무 판자,1,6,자연주의 에코 나뭇잎 벽지,1,1,시멘트,1,6,빨간 황소 물약,1,2
115,초록잎 머그 행거 선반,44,11443,오동나무 목재,0,4,식탁보,1,2,티포트 세트 선반,1,1,알루미늄 금속,1,3,따뜻한 오늘의 커피,1,1
116,호두나무 막대기,44,945,고급 나무 막대기,1,2,호두나무 목재,0,2,달걀,0,3,,,,,,
117,호두나무 판자,45,1586,고급 나무 판자,1,2,호두나무 목재,0,3,고무,0,3,,,,,,
118,월넛 테슬 의자,45,13482,가죽 태슬,1,4,호두나무 판자,1,2,호두나무 막대기,1,3,앨리스 키친 쿠션 의자,1,1,흰산호,0,5
119,월넛 접견실 테이블,45,39362,꿀레몬청,1,5,호두나무 판자,1,3,호두나무 막대기,1,6,깔끔한 화이트 프레임 유리 보조 탁자,1,1,데코협회 감사 뱃지,0,30
120,월넛 노블레스 책장,45,22241,책,1,6,테트리 원목 수납장,1,1,호두나무 판자,1,4,금사 타래,1,2,,,
121,월넛 노블레스 파티션,47,10916,금속 막대기,1,6,깔끔한 화이트 프레임 유리 파티션,1,1,호두나무 판자,1,3,유리,1,2,,,
122,노블레스 하프시코드,50,52154,흰산호,0,7,호두나무 판자,1,6,가드닝 파티 기다란 테이블,1,1,백금 금속,1,6,데코협회 감사 뱃지,0,40
123,로얄 노블레스 옷장,50,26585,밀크 화이트 원목 장식장,1,1,가봉을 마친 에이프런 프릴 원피스,1,1,테트리 원목 수납장,1,1,금 막대기,1,1,밤을 새운 부엉이 머그잔,1,1
124,노블레스 오브제 테이블,51,26634,로지 로즈티,1,1,가드닝 파티 원형 테이블,1,1,호두나무 막대기,1,5,파란 톱니 물약,1,1,,,
125,노블레스 지오메트리 현관문,54,172479,로얄 노블레스 옷장,1,2,포레스트 더블 도어 현관문,1,1,월넛 노블레스 파티션,1,2,호두나무 판자,1,9,데코협회 감사 뱃지,0,75
126,노블레스 임페리얼 침대,55,230390,데코협회 감사 뱃지,0,60,벨벳천,1,8,유러피안 벨라 침대,1,2,노블레스 침실 벽조명,1,2,원트리 숲속의 괘종시계,1,3
127,노블레스 로얄 다이닝 테이블,56,198986,접견실 백금 촛대,1,3,노블레스 골든 파티션,1,1,노블레스 오브제 테이블,1,2,백금 과일 접시,1,2,월넛 접견실 테이블,1,1
128,노블레스 월넛 키친 카운터,57,16557,고래기름,1,2,별빛 목재,0,3,앨리스 키친 카운터,1,2,티 사이드 테이블,1,1,데코협회 뱃지,0,20
129,노블레스 월넛 키친 코너 카운터,58,75915,별빛 목재,0,12,벨벳천,1,2,노블레스 월넛 키친 카운터,1,2,하우스 뷔페 은제 그릇,1,3,백금 금속,1,3
130,노블레스 후면 다이닝 테슬 의자,59,41762,가드닝 파티 원목 의자,1,1,별빛 목재,0,10,플라워 파티 알림판,1,1,월넛 테슬 의자,1,1,,,
131,로얄 노블레스 월넛 찬장,60,70225,깔끔한 화이트 프레임 유리 파티션,1,7,월넛 노블레스 책장,1,1,원트리 숲속의 괘종시계,1,1,티타임 캐니스터 세트,1,1,데코협회 감사 뱃지,0,50
132,노블레스 로얄 와인 진열대,60,32346,원트리 포레스트 테이블,1,1,별빛 목재,0,6,금속판,1,7,호두나무 판자,1,4,,,
133,노블레스 그린 실크 테슬장식 창문,61,325009,월넛 노블레스 파티션,1,5,포레스트 케이스먼트 창문,1,5,별빛 목재,0,7,초록잎 머그 행거 선반,1,5,은 막대기,1,5
134,노블레스 화이트 마블 파티션,61,19373,백금 원석,0,2,노블레스 골든 파티션,1,1,별빛 목재,0,2,,,,,,
135,노블레스 원목 수납장,64,72857,용감한 모험가의 모형 배,1,1,벨벳천,1,8,테트리 원목 수납장,1,2,별빛 목재,0,10,금 막대기,1,6
136,노블레스 아이보리 원목 테이블,64,92115,금,0,8,호두나무 판자,1,3,노블레스 오브제 테이블,1,2,별빛 목재,0,8,흰산호,0,10
137,화이트엔젤 책상,66,75419,고무,0,10,라벤더,0,10,월넛 접견실 테이블,1,1,별빛 원석,0,3,보라빛 6종 랜덤 염색약,1,1
138,화이트엔젤 보건소 벽지,70,139470,자연주의 에코 브릭 벽지,1,1,별빛 목재,0,3,노블레스 실링골드 벽지,1,1,라벤더,0,5,옹기종기 털실 바구니,1,3
139,화이트엔젤 보건소 타일,70,143340,자연주의 에코 브릭 바닥,1,1,별빛 목재,0,3,노블레스 펠리스 바닥,1,1,라벤더,0,5,분홍 장미,1,3
140,화이트엔젤 서랍장,72,55721,별빛 목재,0,3,깔끔한 화이트 철제 캐비닛,1,2,노블레스 오브제 테이블,1,1,라벤더,0,5,초콜릿,1,2
141,화이트엔젤 약병 진열장,75,60945,별빛 약수,0,6,초록잎 원목 수납 벤치,1,1,로얄 노블레스 옷장,1,1,유리병,1,5,,,
142,화이트엔젤 보조 탁자,76,32299,별빛 원석,0,3,라벤더,0,3,원트리 포레스트 테이블,1,1,자주빛 6종 랜덤 염색약,1,1,고무,0,6
143,별빛 숲속 캠핑장 이정표,78,50938,호두나무 막대기,1,5,호두나무 판자,1,4,노블레스 화이트 마블 파티션,1,1,별빛 이끼,0,7,,,
144,별빛 숲속 캠핑장 캠핑용 냄비,79,79343,노블레스 철제 스토브,1,1,호두나무 판자,1,2,별빛 원석,0,5,,,,,,
145,별빛 숲속 캠핑장 작은 모닥불,80,134770,노블레스 소형 벽난로,1,3,흙,0,10,석회석,0,8,오동나무 목재,0,4,호두나무 막대기,1,8
146,별빛 숲속 캠핑장 통나무 벤치,81,134653,루비,0,5,노블레스 스타케이지 조명,1,3,오동나무 목재,0,4,별빛 약수,0,5,노블레스 다이닝 테슬 의자,1,1
147,별빛 숲속 캠핑장 캠프파이어 송,81,190232,금사 타래,1,8,화이트엔젤 보조 탁자,1,2,오동나무 목재,0,4,별빛 이끼,0,5,노블레스 하프시코드,1,1
148,별빛 숲속 캠핑장 튼튼한 참나무,81,157180,별빛 약수,0,5,호두나무 판자,1,5,노블레스 원목 수납장,1,1,그린 올웨이즈 조형 나무,1,2,,,
149,별빛 숲속 캠핑장 그루터기와 장작,82,103590,별빛 이끼,0,5,백금 금속,1,8,오동나무 목재,0,8,화이트엔젤 보조 탁자,1,1,화이트엔젤 크루시아 화분,1,1
150,별빛 숲속 캠핑장 도토리 등불 나무,82,171413,노블레스 침실 벽조명,1,2,골든벨 트리플 벽조명,1,1,알루미늄 금속,1,5,별빛 약수,0,3,별빛 이끼,0,5
151,꿈속의 유니콘 하늘 그네 의자,87,301988,초록잎 미니가든 장식,1,3,봄날 소복한 꽃길,1,7,노블레스 후면 다이닝 테슬 의자,1,3,호두나무 목재,0,7,데코협회 뱃지,0,30
152,꿈속의 유니콘 하늘 창문,87,549116,은 막대기,1,7,포레스트 케이스먼트 창문,1,5,석조 노블레스 창문,1,3,월넛 노블레스 파티션,1,8,,,
153,힐링 스파 스테인드 글라스 파티션,93,882967,노블레스 원목 수납장,1,1,노블레스 화이트 마블 파티션,1,3,노블레스 그린 실크 테슬장식 창문,1,1,화이트엔젤 레이스 스크린,1,3,,,
154,힐링 스파 스팀 버블 자쿠지,93,1303615,별빛 숲속 캠핑장 그루터기와 장작,1,1,노블레스 다이닝 키친 싱크대,1,1,꿈속의 유니콘 사자의 포효 샘물,1,1,반짝반짝 파란 별가루,1,7,호두나무 판자,1,8
155,꿈속의 유니콘 하늘 구름 나무,96,813598,별빛 약수,0,1,별빛 숲속 캠핑장 도토리 등불 나무,1,1,별빛 숲속 캠핑장 튼튼한 참나무,1,1,호두나무 막대기,1,1,별빛 숲속 캠핑장 이정표,1,4
156,꿈속의 유니콘 무지갯빛 조리개,96,860233,별빛 약수,0,10,노블레스 로얄 플라워 센터피스,1,2,꿈속의 유니콘 엔젤 하프,1,1,화이트엔젤 주전자 호롱등,1,1,꿈속의 유니콘 구름 벽등,1,3
157,꿈속의 유니콘 수레,97,838707,화이트엔젤 보건소 타일,1,1,꿈속의 유니콘 하늘 그네 의자,1,1,별빛 숲속 캠핑장 그루터기와 장작,1,1,오동나무 막대기,1,1,,,
158,꿈속의 유니콘 구름다리,99,1443885,별빛 약수,0,5,호두나무 판자,1,4,별빛 숲속 캠핑장 도토리 등불 나무,1,1,꿈속의 유니콘 징검돌,1,1,반짝반짝 분홍 별가루,1,4
159,포포레스랜드 벤치 의자,102,938849,가드닝 파티 원목 쿠션 벤치,1,3,월넛 테슬 의자,1,4,별빛 숲속 캠핑장 캠프파이어 송,1,2,깅코 2인 덩굴 체어,1,6,금 막대기,1,10
160,포포레스랜드 화이트 후면 의자,102,791044,별빛 숲속 캠핑장 통나무 벤치,1,3,원트리 사무용 의자,1,2,노블레스 후면 다이닝 테슬 의자,1,2,별빛 원석,0,7,호두나무 막대기,1,10
161,포포레스랜드 화이트 의자,102,856879,별빛 숲속 캠핑장 통나무 벤치,1,3,가드닝 파티 기다란 테이블,1,3,월넛 테슬 의자,1,5,별빛 원석,0,5,오동나무 막대기,1,7
162,포포레스랜드 화이트 테이블,102,986831,초록잎 러너 티 테이블,1,3,화이트엔젤 보조 탁자,1,4,노블레스 아이보리 원목 테이블,1,3,깅코 2인 덩굴 체어,1,6,금 막대기,1,10
163,빵,4,1,밀,0,1,,,,,,,,,,,,
164,딸기 케이크,4,3,빵,1,1,딸기,0,1,,,,,,,,,
165,식빵,5,4,밀,0,1,우유,0,1,,,,,,,,,
166,애플파이,6,5,빵,1,1,사과,0,1,,,,,,,,,
167,딸기잼 듬뿍 식빵,6,6,식빵,1,1,딸기,0,1,,,,,,,,,
168,샌드위치,6,9,식빵,1,1,토마토,0,1,,,,,,,,,
169,버터,8,6,우유,0,2,,,,,,,,,,,,
170,베리베리 타르트,9,16,블루베리,0,1,딸기,0,4,빵,1,1,,,,,,
171,바삭한 블루베리 파이,10,25,블루베리,0,1,밀,0,5,나무 판자,1,1,,,,,,
172,진한 캬라멜 스프레드,12,20,꿀,0,1,버터,1,1,,,,,,,,,
173,당근 주스,12,126,사과,0,3,당근,0,3,꿀레몬청,1,3,나무 넝쿨,0,5,,,
174,메이플 모닝 팬케이크,13,50,버터,1,2,밀,0,6,진한 캬라멜 스프레드,1,1,,,,,,
175,치즈,15,12,우유,0,3,,,,,,,,,,,,
176,사과 카레 라이스,16,139,감자,0,3,사과,0,6,밀,0,5,달걀,0,1,,,
177,포테이토 피자,16,139,치즈,1,2,빵,1,2,토마토,0,3,감자,0,3,,,
178,딸기잼 바게트 햄퍼,16,92,무명천,1,2,빵,1,4,딸기,0,5,달걀,0,2,,,
179,얼음,17,53,광천수,0,1,,,,,,,,,,,,
180,감자스프,17,181,우유,0,3,감자,0,4,소고기,0,1,,,,,,
181,소고기 그라탕,17,177,치즈,1,3,소고기,0,2,토마토,0,4,,,,,,
182,사과 주스,17,155,꿀,0,5,사과,0,8,광천수,0,1,,,,,,
183,오렌지 에이드,17,161,광천수,0,1,오렌지,0,2,얼음,1,1,,,,,,
184,숙성 등심 스테이크,18,231,토마토,0,2,소고기,0,3,아스파라거스,0,1,,,,,,
185,아스파라거스 파스타,18,184,우유,0,2,밀,0,3,아스파라거스,0,3,,,,,,
186,팝콘,20,302,옥수수,0,5,종이,1,5,,,,,,,,,
187,옥수수 스프,20,276,씨앗,0,2,옥수수,0,3,우유,0,4,접시,1,1,,,
188,토마토 토르텔리니 스프,20,257,토마토,0,5,소고기,0,2,밀,0,5,접시,1,1,,,
189,비프스튜,21,451,토마토,0,3,소고기,0,4,감자,0,3,광천수,0,2,,,
190,설탕,22,95,사탕수수,0,2,,,,,,,,,,,,
191,생크림,22,147,우유,0,5,설탕,1,1,,,,,,,,,
192,오복 아이스티,22,411,찻잎,0,3,오렌지,0,5,복숭아,0,3,얼음,1,1,,,
193,딸기 쇼트 케이크,22,510,생크림,1,2,딸기 케이크,1,2,달걀,0,5,,,,,,
194,봄을 담은 스트로베리 롤케이크,22,772,식기 세트,1,1,딸기,0,10,생크림,1,2,접시,0,1,,,
195,치즈 나초,23,523,옥수수,0,5,치즈,1,5,소금,0,2,,,,,,
196,로얄골드 홍차,24,503,오렌지,0,3,찻잎,0,3,찻잔,1,1,,,,,,
197,유러피안 로얄골드 홍차세트,24,1161,광천수,0,1,로얄골드 홍차,1,1,지그재그 주전자,1,1,,,,,,
198,포도씨유,25,223,포도,0,3,,,,,,,,,,,,
199,계란후라이,25,1031,포도씨유,1,3,달걀,0,2,소금,0,1,,,,,,
200,꽁치 구이,25,758,접시,1,1,꽁치,0,2,소금,0,2,포도씨유,1,1,,,
201,당근 머핀,26,738,포도씨유,1,2,당근,0,3,밀,0,5,달걀,0,3,,,
202,피치 베리 무스컵,26,737,포도,0,2,복숭아,0,4,생크림,1,2,식빵,1,4,,,
203,아메리카노,26,683,커피,0,3,광천수,0,3,찻잔,1,1,,,,,,
204,톡톡팡팡 탄산수,27,632,금속 막대기,1,1,광천수,0,5,유리병,1,1,,,,,,
205,당근 도넛 케이크,27,1943,식기 세트,1,1,생크림,1,3,당근,0,3,버터,1,2,네이비 도트 베이킹 세트,1,1
206,구야시레베시,28,821,그릇,1,1,소고기,0,3,당근,0,3,광천수,0,3,토마토,0,2
207,아이스 아메리카노,28,1098,아메리카노,1,1,얼음,1,2,,,,,,,,,
208,새우튀김,29,1114,포도씨유,1,2,새우,0,3,,,,,,,,,
209,랍스터 치즈 화덕구이,30,1042,치즈,1,5,랍스터,0,5,감자,0,5,접시,1,1,,,
210,초콜릿,32,261,카카오,0,2,버터,1,2,,,,,,,,,
211,연어 샐러드,32,1112,토마토,0,5,연어,0,5,양배추,0,3,접시,1,1,,,
212,참치 통조림,33,1050,캔,1,1,참치,0,3,소금,0,2,,,,,,
213,칠리 새우,33,1286,소금,0,3,새우,0,6,토마토,0,7,그릇,1,1,,,
214,고래기름,35,739,고래,0,2,포도씨유,1,1,,,,,,,,,
215,초코바나나 크레프,35,2457,초콜릿,1,3,바나나,0,4,생크림,1,4,밀,0,4,,,
216,초콜릿베리 무스 케이크,36,1936,체리,0,2,베리베리 타르트,1,1,초콜릿,1,4,접시,1,1,,,
217,캐비어,37,1611,소금,0,8,상어,0,3,캔,1,1,,,,,,
218,초밥 세트,37,2167,달걀,0,5,새우,0,5,연어,0,5,참치,0,5,고급 나무 판자,1,1
219,슈가 체리츄,37,1410,광천수,0,3,체리,0,5,설탕,1,3,,,,,,
220,에그 캐비어,38,2447,달걀,0,3,캐비어,1,1,접시,1,1,,,,,,
221,후레쉬 치킨 샐러드,40,1474,양배추,0,5,닭고기,0,3,토마토,0,5,오렌지,0,5,,,
222,그릴드 허브 치킨,40,1927,아스파라거스,0,3,닭고기,0,5,찻잎,0,3,고급 나무 판자,1,3,,,
223,스위트 바닐라 아이스크림,41,1393,생크림,1,2,바닐라,0,3,얼음,1,2,꿀,0,4,,,
224,바닐라 아포가토,41,3362,아메리카노,1,1,스위트 바닐라 아이스크림,1,1,초콜릿,1,1,,,,,,
225,파티용 두툼 로스트 비프,41,5085,강철,1,3,소고기,0,10,통통비치 아이스 와인통,1,1,찻잎,0,4,,,
226,후루츠 생크림 3단 케이크,41,3731,생크림,1,10,베리베리 타르트,1,5,그릇,1,3,,,,,,
227,달콤 디저트 파티 테이블,41,18044,가드닝 파티 원형 테이블,1,1,후루츠 생크림 3단 케이크,1,1,,,,,,,,,
228,바닐라 시럽,43,688,진한 캬라멜 스프레드,1,2,바닐라,0,2,설탕,1,1,,,,,,
229,베이커리 스콘 세트,43,933,종이,1,1,버터,1,4,옥수수,0,8,딸기잼 듬뿍 식빵,1,2,포도,0,4
230,아이스 바닐라 라떼,43,2745,바닐라 시럽,1,1,아이스 아메리카노,1,1,고무,0,2,,,,,,
231,커스터드 푸딩,43,3849,우유,0,5,달걀,0,5,바닐라 시럽,1,3,설탕,1,5,버터,1,4
232,모닝 베이글 샌드위치,44,969,치즈,1,2,양배추,0,4,식빵,1,2,소고기,0,4,토마토,0,3
233,레몬 머랭 쿠키,44,1896,달걀,0,5,화병,1,1,레몬,0,6,생크림,1,2,,,
234,따뜻한 오늘의 커피,44,2682,레몬,0,4,오동나무 판자,1,1,찻잔,1,1,아메리카노,1,1,,,
235,캐러멜마키아토,44,2040,진한 캬라멜 스프레드,1,6,아메리카노,1,1,설탕,1,4,,,,,,
236,비엔나커피,44,2970,생크림,1,4,아메리카노,1,1,바닐라 시럽,1,1,,,,,,
237,옐로썸머 레모네이드,44,4072,얼음,1,3,톡톡팡팡 탄산수,1,3,레몬,0,5,고무,0,2,,,
238,꿀레몬청,45,1555,바닐라 시럽,1,1,레몬,0,3,고무,0,2,,,,,,
239,레몬 머랭 타르트,45,5090,찻잎,0,2,레몬 머랭 쿠키,1,1,꿀레몬청,1,1,접시,1,1,,,
240,크렘 브륄레,45,9241,블루베리,0,7,그릇,1,3,커스터드 푸딩,1,1,바나나,0,5,컵홀더 수저통,1,1
241,로지 로즈티,46,3608,꿀레몬청,1,1,노란장미,0,5,로얄골드 홍차,1,1,라벤더,0,4,,,
242,로얄 에클레어 세트,46,3525,레이스,1,1,체리,0,3,초콜릿베리 무스 케이크,1,1,접시,1,1,,,
243,무스 오 쇼콜라,47,3412,식기 세트,1,1,초콜릿,1,2,바닐라 시럽,1,2,찻잔,1,1,,,
244,로얄 카나페 세트,48,1604,토마토 토르텔리니 스프,1,1,참치,0,3,새우,0,3,치즈,1,3,식기 세트,1,1
245,허니 로얄 밀크티,52,1604,베아트리체 앤틱 찻잔 세트,1,1,유러피안 로얄골드 홍차세트,1,1,우유,0,6,바닐라 시럽,1,2,,,
246,모닝 로얄 크로와상,52,10033,백금 과일 접시,1,1,베이커리 스콘 세트,1,1,버터,1,4,딸기잼 바게트 햄퍼,1,2,,,
247,유기농 거위 사료,53,772,랍스터,0,1,양배추,0,2,커피,0,4,,,,,,
248,사과 프렌치 토스트,53,5152,딸기잼 듬뿍 식빵,1,3,꿀레몬청,1,1,사과,0,20,조리 도구 세트,1,3,,,
249,크리미 녹차 라떼,54,3565,식기 세트,1,1,찻잎,0,6,오복 아이스티,1,1,생크림,1,5,바닐라 시럽,1,1
250,화이트 초코 마들렌,55,8472,설탕,1,2,레몬 머랭 쿠키,1,2,초콜릿,1,4,그릇,1,2,,,
251,청포도 에이드,56,7919,찻잎,0,6,톡톡팡팡 탄산수,1,2,포도,0,6,꿀레몬청,1,2,얼음,1,4
252,양갈비 그릴 스테이크,57,9522,아스파라거스,0,5,그릴드 허브 치킨,1,2,오동나무 판자,1,2,양고기,0,6,,,
253,허니로얄 크림 밀푀유,59,9945,그릇,1,3,스위트 바닐라 아이스크림,1,2,베리베리 타르트,1,5,바닐라 시럽,1,4,,,
254,노블레스 향긋한 레몬 코냑,68,39024,포포르도 와인,1,2,레몬,0,10,백금 과일 접시,1,1,,,,,,
255,아일랜드 양고기 스튜,84,9761,감자,0,5,비프스튜,1,5,양고기,0,7,프라이팬,1,2,토마토,0,5
256,바닐라 케이크팝,84,22001,딸기 케이크,1,4,스위트 바닐라 아이스크림,1,5,바닐라 시럽,1,7,설탕,1,7,생크림,1,5
257,랍스터 피자,90,77184,포포르도 와인,1,3,칠리 새우,1,7,랍스터 치즈 화덕구이,1,5,로얄 카나페 세트,1,3,랍스터,0,5
258,연어 플랫브레드,90,98776,네이비 도트 베이킹 세트,1,5,모닝 로얄 크로와상,1,4,연어 샐러드,1,5,후레쉬 치킨 샐러드,4,5,연어,0,5
259,무명천,10,12,솜,0,1,,,,,,,,,,,,
260,빨간 무명천,10,16,솜,0,1,딸기,0,2,,,,,,,,,
261,빨간 리본,10,20,빨간 무명천,1,1,,,,,,,,,,,,
262,아가일 패턴 매트,10,34,무명천,1,2,나무 넝쿨,0,1,,,,,,,,,
263,가봉을 마친 투버튼 심플 원피스,10,42,무명천,1,3,,,,,,,,,,,,
264,가봉을 마친 투버튼 심플 바지,10,158,무명천,1,3,,,,,,,,,,,,
265,투버튼 심플 원피스,10,158,초록 별 열매,0,1,빨간 별 열매,0,1,가봉을 마친 투버튼 심플 원피스,1,1,노란 별 열매,0,1,파란 별 열매,0,1
266,투버튼 심플 바지,10,158,초록 별 열매,0,1,빨간 별 열매,0,1,가봉을 마친 투버튼 심플 바지,1,1,노란 별 열매,0,1,파란 별 열매,0,1
267,베이직 라운딩 러그,10,113,나무 넝쿨,0,3,무명천,1,6,밀짚끈,1,10,,,,,,
268,봉제 곰 인형,11,63,솜,0,3,무명천,1,2,,,,,,,,,
269,패브릭 리본 행거,11,48,빨간 무명천,1,1,무명천,1,1,전나무 목재,0,2,,,,,,
270,털실,13,12,양털,0,1,,,,,,,,,,,,
271,레이스,13,30,털실,1,1,무명천,1,1,,,,,,,,,
272,옹기종기 털실 바구니,14,98,나무 넝쿨,0,2,털실,1,4,솜,0,2,,,,,,
273,원형 피스 러그,14,345,빨간 무명천,1,8,무명천,1,8,털실,1,3,,,,,,
274,지그재그 스티치 벽지,15,523,노란장미,0,10,무명천,1,10,나무 판자,1,10,,,,,,
275,가봉을 마친 별무늬 맨투맨 반바지,16,168,털실,1,2,무명천,1,5,가죽끈,1,1,,,,,,
276,가봉을 마친 별무늬 맨투맨 청바지,16,168,털실,1,2,무명천,1,5,가죽끈,1,1,,,,,,
277,별무늬 맨투맨 반바지,16,343,초록 별 열매,0,1,빨간 별 열매,0,1,가봉을 마친 별무늬 맨투맨 반바지,1,1,노란 별 열매,0,1,파란 별 열매,0,1
278,별무늬 맨투맨 청바지,16,343,초록 별 열매,0,1,빨간 별 열매,0,1,가봉을 마친 별무늬 맨투맨 청바지,1,1,노란 별 열매,0,1,파란 별 열매,0,1
279,유러피안 반달 매트,18,157,털실,1,4,아가일 패턴 매트,1,1,솜,0,3,,,,,,
280,가봉을 마친 클래식 리본 바지,18,546,빨간 리본,1,2,무명천,1,10,가죽 단추,1,4,,,,,,
281,가봉을 마친 클래식 셔츠 바지,18,546,빨간 리본,1,2,무명천,1,10,가죽 단추,1,4,,,,,,
282,클래식 리본 바지,18,844,초록 별 열매,0,1,빨간 별 열매,0,1,가봉을 마친 클래식 리본 바지,1,1,노란 별 열매,0,1,파란 별 열매,0,1
283,클래식 셔츠 바지,18,844,초록 별 열매,0,1,빨간 별 열매,0,1,가봉을 마친 클래식 셔츠 바지,1,1,노란 별 열매,0,1,파란 별 열매,0,1
284,유러피안 스너그 체어,19,299,무명천,1,5,양털,0,8,레드코튼 원형 체어,1,1,,,,,,
285,로즈우드 앤틱 실타래 선반,20,628,단풍나무 목재,0,4,옹기종기 털실 바구니,1,2,레이스,1,2,,,,,,
286,천,22,72,털실,1,1,무명천,1,3,,,,,,,,,
287,패브릭 3종 세트,22,532,가죽끈,1,1,천,1,2,무명천,1,1,고급 나무 막대기,1,3,,,
288,유러피안 사각 매트,22,541,천,1,3,유러피안 반달 매트,1,1,나무 넝쿨,0,5,,,,,,
289,가봉을 마친 에이프런 프릴 원피스,24,1784,레이스,1,5,가봉을 마친 투버튼 심플 원피스,1,1,천,1,10,가죽 단추,1,6,,,
290,가봉을 마친 리본 타이 반바지,24,1784,레이스,1,5,가봉을 마친 투버튼 심플 원피스,1,1,천,1,10,가죽 단추,1,6,,,
291,리본 타이 반바지,24,2672,초록 별 열매,0,2,빨간 별 열매,0,2,가봉을 마친 리본 타이 반바지,1,1,노란 별 열매,0,2,파란 별 열매,0,2
292,에이프런 프릴 원피스,24,2672,초록 별 열매,0,2,빨간 별 열매,0,2,가봉을 마친 에이프런 프릴 원피스,1,1,노란 별 열매,0,2,파란 별 열매,0,2
293,통통비치 로맨틱 의자,25,1338,나무 넝쿨,0,3,천,1,5,고급 나무 막대기,1,9,,,,,,
294,통통비치 피크닉 돗자리,25,1713,모던레더 스티치 슬리퍼,1,1,천,1,10,고무,0,10,과일 바구니,1,1,,,
295,핑크 바니 수건걸이,26,741,토끼털,0,4,천,1,3,고급 나무 판자,1,1,,,,,,
296,식탁보,26,397,천,1,4,,,,,,,,,,,,
297,산뜻한 봄날 극세사 매트,26,719,토끼털,0,3,유러피안 반달 매트,1,2,양털,0,5,,,,,,
298,봉제 곰인형 장식장,26,1426,로즈우드 앤틱 서랍장,1,1,봉제 곰 인형,1,4,빨간 리본,1,4,,,,,,
299,라임 그린꽃 벽지,27,3327,초록빛 10종 랜덤 염색약,1,1,천,1,6,고급 나무 판자,1,7,찻잎,0,5,,,
300,가봉을 마친 트위스트 후드 원피스,28,3015,고무,0,6,토끼털,0,12,천,1,15,모던레더 스티치 슬리퍼,1,2,,,
301,가봉을 마친 트위스트 후드 바지,28,3015,고무,0,6,토끼털,0,12,천,1,15,모던레더 스티치 슬리퍼,1,2,,,
302,트위스트 후드 원피스,28,4382,초록 별 열매,0,2,빨간 별 열매,0,2,가봉을 마친 트위스트 후드 원피스,1,1,노란 별 열매,0,2,파란 별 열매,0,2
303,트위스트 후드 바지,28,4382,초록 별 열매,0,2,빨간 별 열매,0,2,가봉을 마친 트위스트 후드 바지,1,1,노란 별 열매,0,2,파란 별 열매,0,2
304,네이비 도트 방석 체어,29,1226,천,1,2,브라운 투톤 스툴,1,1,토끼털,0,3,,,,,,
305,하늘 넝쿨 벽지,29,4126,푸른빛 10종 랜덤 염색약,1,1,토끼털,0,10,고급 나무 판자,1,10,고급 나무 벽지,1,1,,,
306,유러피안 극세사 러그,29,2913,토끼털,0,10,유러피안 사각 매트,1,2,원형 피스 러그,1,1,양털,0,10,,,
307,가봉을 마친 윈터벨 망토 원피스,30,4242,천,1,10,토끼털,0,10,별님 가죽 팔찌,1,2,말가죽,0,5,,,
308,가봉을 마친 윈터벨 코트 의상,30,4242,천,1,10,토끼털,0,10,별님 가죽 팔찌,1,2,말가죽,0,5,,,
309,윈터벨 망토 원피스,30,6233,초록 별 열매,0,3,빨간 별 열매,0,3,가봉을 마친 윈터벨 망토 원피스,1,1,노란 별 열매,0,3,파란 별 열매,0,3
310,윈터벨 코트 의상,30,6233,초록 별 열매,0,3,빨간 별 열매,0,3,가봉을 마친 윈터벨 코트 의상,1,1,노란 별 열매,0,3,파란 별 열매,0,3
311,화이트 도트 벽지,30,8235,고급 나무 판자,1,10,종이,1,20,청회색빛 10종 랜덤 염색약,1,1,,,,,,
312,해피바스 리본 슬리퍼,32,823,토끼털,0,8,모던레더 스티치 슬리퍼,1,1,빨간 리본,1,2,,,,,,
313,실크,33,260,누에고치,0,2,나무 막대기,1,1,,,,,,,,,
314,도트 원형 러그,33,8377,실크,1,10,유러피안 극세사 러그,1,1,원형 피스 러그,1,1,양털,0,10,,,
315,가봉을 마친 쉐프 볼륨 스커트,36,6725,조리 도구 세트,1,2,실크,1,10,천,1,8,가죽 단추,1,6,,,
316,가봉을 마친 쉐프 에이프런 바지,36,6725,조리 도구 세트,1,2,실크,1,10,천,1,8,가죽 단추,1,6,,,
317,쉐프 볼륨 스커트,36,10088,초록 별 열매,0,5,빨간 별 열매,0,5,가봉을 마친 쉐프 볼륨 스커트,1,1,노란 별 열매,0,5,파란 별 열매,0,5
318,쉐프 에이프런 바지,36,10088,초록 별 열매,0,5,빨간 별 열매,0,5,가봉을 마친 쉐프 에이프런 바지,1,1,노란 별 열매,0,5,파란 별 열매,0,5
319,앨리스 키친 쿠션 의자,38,2642,양털,0,4,네이비 도트 방석 체어,1,1,실크,1,2,레이스,1,1,,,
320,가봉을 마친 모던 여성 정장,41,17189,링 펜던트 목걸이,1,2,가봉을 마친 클래식 리본 바지,1,1,가봉을 마친 쉐프 볼륨 스커트,1,1,실크,1,10,,,
321,가봉을 마친 모던 남성 정장,41,17189,링 펜던트 목걸이,1,2,가봉을 마친 클래식 셔츠 바지,1,1,가봉을 마친 쉐프 에이프런 바지,1,1,실크,1,10,,,
322,모던 여성 정장,41,24516,초록 별 열매,0,3,빨간 별 열매,0,3,가봉을 마친 모던 여성 정장,1,1,노란 별 열매,0,3,파란 별 열매,0,3
323,모던 남성 정장,41,24516,초록 별 열매,0,3,빨간 별 열매,0,3,가봉을 마친 모던 남성 정장,1,1,노란 별 열매,0,3,파란 별 열매,0,3
324,그라스호퍼 모조 잔디 카펫,42,18091,짧은 수풀 울타리,1,5,토끼털,0,10,도트 원형 러그,1,1,말가죽,0,20,라벤더향 디퓨저,1,1
325,가봉을 마친 여유만만 직장 선배 복장,45,26960,모던레더 서류 가방,1,3,가봉을 마친 모던 여성 정장,1,1,가죽 손목 시계,1,1,빨간 리본 여행용 가방,1,1,,,
326,가봉을 마친 열정적인 신입사원 복장,45,26960,모던레더 서류 가방,1,3,가봉을 마친 모던 남성 정장,1,1,가죽 손목 시계,1,1,빨간 리본 여행용 가방,1,1,,,
327,여유만만 직장 선배 복장,45,38893,초록 별 열매,0,6,빨간 별 열매,0,6,가봉을 마친 여유만만 직장 선배 복장,1,1,노란 별 열매,0,6,파란 별 열매,0,6
328,열정적인 신입사원 복장,45,38893,초록 별 열매,0,6,빨간 별 열매,0,6,가봉을 마친 열정적인 신입사원 복장,1,1,노란 별 열매,0,6,파란 별 열매,0,6
329,금사 타래,47,623,금,0,1,누에고치,0,3,,,,,,,,,
330,금사 노블레스 러그,48,50069,그라스호퍼 모조 잔디 카펫,1,1,금사 타래,1,8,유러피안 극세사 러그,1,3,가죽 태슬,1,8,체리,0,8
331,가봉을 마친 노블레스 드 로브,51,49040,사파이어 팔찌,1,2,금사 타래,1,6,가봉을 마친 모던 여성 정장,1,1,루비 브로치,1,3,데코협회 뱃지,0,60
332,가봉을 마친 노블레스 드 쥐스토코르,51,49040,사파이어 팔찌,1,2,금사 타래,1,6,가봉을 마친 모던 남성 정장,1,1,루비 브로치,1,3,데코협회 뱃지,0,60
333,노블레스 드 로브,51,71312,초록 별 열매,0,10,빨간 별 열매,0,10,가봉을 마친 노블레스 드 로브,1,1,노란 별 열매,0,10,파란 별 열매,0,10
334,노블레스 드 쥐스토코르,51,71312,초록 별 열매,0,10,빨간 별 열매,0,10,가봉을 마친 노블레스 드 쥐스토코르,1,1,노란 별 열매,0,10,파란 별 열매,0,10
335,노블레스 로제타 인형,53,13125,데코협회 뱃지,0,30,실크,1,4,사파이어,0,1,라벤더향 향초,1,1,거위털,0,3
336,벨벳천,54,183007,거위털,0,2,실크,1,1,소가죽,0,1,,,,,,
337,자카드 노블레스 카페트,54,204698,노블레스 백금 바닥,1,1,벨벳천,1,6,금사 노블레스 러그,1,1,푸른빛 6종 랜덤 염색약,1,2,데코협회 감사 뱃지,0,80
338,노블레스 벨벳커튼 벽장식,55,14722,금 막대기,1,5,벨벳천,1,5,석조 노블레스 창문,1,2,금사 타래,1,6,포레스트 케이스먼트 창문,1,1
339,스텔라 노블레스 발매트,56,35686,벨벳천,1,1,식탁보,1,2,앨리스 키친 격자 매트,1,1,금사 타래,1,4,,,
340,노블레스 다이닝 테슬 의자,57,35686,에메랄드,0,1,벨벳천,1,2,월넛 테슬 의자,1,1,로즈우드 앤틱 재봉틀,1,1,가죽 팔찌,1,3
341,가봉을 마친 노블레스 나이트 드레스,57,114198,포포르도 와인잔,1,1,벨벳천,1,7,가봉을 마친 노블레스 드 로브,1,1,해피바스 리본 슬리퍼,1,1,다이아몬드 반지,1,1
342,가봉을 마친 노블레스 나이트 파자마,57,114198,포포르도 와인잔,1,1,벨벳천,1,7,가봉을 마친 노블레스 드 쥐스토코르,1,1,해피바스 리본 슬리퍼,1,1,다이아몬드 반지,1,1
343,노블레스 나이트 드레스,57,165346,초록 별 열매,0,11,빨간 별 열매,0,11,가봉을 마친 노블레스 나이트 드레스,1,1,노란 별 열매,0,11,파란 별 열매,0,11
344,노블레스 나이트 파자마,57,165346,초록 별 열매,0,11,빨간 별 열매,0,11,가봉을 마친 노블레스 나이트 파자마,1,1,노란 별 열매,0,11,파란 별 열매,0,11
345,로얄 노블레스 다이닝 러그,58,360276,벨벳천,1,2,금사 노블레스 러그,1,1,별빛 목재,0,4,청록빛 6종 랜덤 염색약,1,1,자카드 노블레스 카페트,1,1
346,노블레스 실크 스크롤 액자,59,68419,초록빛 6종 랜덤 염색약,1,3,노블레스 자기 화병,1,1,벨벳천,1,4,별빛 원석,0,5,봄날 소복한 꽃길,1,3
347,가봉을 마친 노블레스 유능한 여집사 제복,62,251151,벨벳천,1,2,가봉을 마친 노블레스 나이트 드레스,1,1,금사 노블레스 러그,1,1,,,,,,
348,가봉을 마친 노블레스 유능한 남집사 제복,62,251151,벨벳천,1,2,가봉을 마친 노블레스 나이트 파자마,1,1,금사 노블레스 러그,1,1,,,,,,
349,노블레스 유능한 여집사 제복,62,364308,반짝반짝 주황 별모래,1,1,가봉을 마친 노블레스 유능한 여집사 제복,1,1,금사 타래,1,1,,,,,,
350,노블레스 유능한 남집사 제복,62,364308,반짝반짝 초록 별모래,1,1,가봉을 마친 노블레스 유능한 남집사 제복,1,1,금사 타래,1,1,,,,,,
351,노블레스 로얄 골드 발 매트,65,23962,금,0,2,스텔라 노블레스 발매트,1,1,별빛 원석,0,2,에메랄드,0,1,,,
352,화이트엔젤 진료 침대,70,167383,벨벳천,1,3,라벤더,0,5,유러피안 벨라 침대,1,4,노블레스 안락 소파,1,2,토끼털,0,10
353,가봉을 마친 화이트엔젤 보건의 원피스,77,403301,반짝반짝 파란 별가루,1,2,가봉을 마친 노블레스 유능한 여집사 제복,1,1,자수정,0,5,별빛 이끼,0,5,반짝반짝 분홍 별가루,1,2
354,가봉을 마친 화이트엔젤 보건의 가운,77,403301,반짝반짝 파란 별가루,1,2,가봉을 마친 노블레스 유능한 남집사 제복,1,1,자수정,0,5,별빛 이끼,0,5,반짝반짝 분홍 별가루,1,2
355,별빛 숲속 캠핑장 스티치 무릎담요,78,33397,알루미늄 금속,1,5,에메랄드,0,4,벨벳천,1,5,별빛 약수,0,3,,,
356,화이트엔젤 보건의 원피스,78,593900,노란 별 열매,0,10,빨간 별 열매,0,10,초록 별 열매,0,10,가봉을 마친 화이트엔젤 보건의 원피스,1,1,파란 별 열매,0,10
357,화이트엔젤 보건의 가운,78,593900,노란 별 열매,0,10,빨간 별 열매,0,10,초록 별 열매,0,10,가봉을 마친 화이트엔젤 보건의 가운,1,1,파란 별 열매,0,10
358,페가수스 인형,85,22807,패브릭 3종 세트,1,4,거위털,0,7,데코협회 뱃지,0,30,다이아몬드,0,3,토끼털,0,7
359,폭신폭신 구름 카펫,85,121013,반짝반짝 주황 별모래,1,5,토끼털,0,10,회색빛 6종 랜덤 염색약,1,5,옹기종기 털실 바구니,1,7,누에고치,0,10
360,힐링 스파 복슬 바닥,95,865886,금사 노블레스 러그,1,1,꿈속의 유니콘 하늘 바닥,1,1,화이트엔젤 보건소 타일,1,1,그라스호퍼 모조 잔디 카펫,1,2,스텔라 노블레스 발매트,1,4
361,힐링 스파 샤워 가운 행거,95,863166,은 막대기,1,8,가봉을 마친 노블레스 나이트 드레스,1,2,폭신폭신 구름 카펫,1,2,노블레스 매그놀리아 라이트,1,4,천,1,3
362,꿈속의 유니콘 별해먹,99,1693708,깅코 2인 덩굴 체어,1,3,노블레스 안락 소파,1,3,꿈속의 유니콘 구름 소파,1,2,폭신폭신 구름 카펫,1,5,노블레스 로얄 골드 발 매트,1,6
363,가죽끈,15,42,양가죽,0,1,,,,,,,,,,,,
364,모던레더 서류 가방,15,138,양가죽,0,2,가죽끈,1,1,,,,,,,,,
365,빨간 리본 여행용 가방,15,167,빨간 리본,1,1,양가죽,0,2,가죽끈,1,1,,,,,,
366,모던레더 스티치 슬리퍼,15,130,빨간 무명천,1,2,가죽끈,1,1,털실,1,2,,,,,,
367,동화책,16,130,털실,1,2,책,1,1,나무 덩쿨,0,1,,,,,,
368,모던레더 우드 테이블,16,361,양가죽,0,7,우드 레이스 테이블,1,1,,,,,,,,,
369,가죽 단추,18,61,양가죽,0,1,털실,1,1,,,,,,,,,
370,패브릭 쿠션 의자,18,277,레드코튼 원형 체어,1,1,양가죽,0,2,가죽 단추,1,1,,,,,,
371,모던레더 우산 스탠드,19,294,빨간 무명천,1,3,양가죽,0,3,금속 막대기,1,1,,,,,,
372,모던레더 리프 액자,19,485,버찌잎 액자,1,2,양가죽,0,5,못,1,2,,,,,,
373,가죽 주머니,23,242,소가죽,0,2,가죽끈,1,1,,,,,,,,,
374,모던레더 탁상 시계,23,539,금속 막대기,1,2,소가죽,0,2,금속판,1,1,,,,,,
375,가봉을 마친 라이더 머플러 원피스,23,1897,천,1,2,소가죽,0,8,가죽 단추,1,4,가죽 주머니,1,2,,,
376,가봉을 마친 라이더 머플러 자켓,23,1897,천,1,2,소가죽,0,8,가죽 단추,1,4,가죽 주머니,1,2,,,
377,라이더 머플러 원피스,23,2812,초록 별 열매,0,2,빨간 별 열매,0,2,가봉을 마친 라이더 머플러 원피스,1,1,노란 별 열매,0,2,파란 별 열매,0,2
378,라이더 머플러 자켓,23,2812,초록 별 열매,0,2,빨간 별 열매,0,2,가봉을 마친 라이더 머플러 자켓,1,1,노란 별 열매,0,2,파란 별 열매,0,2
379,가죽 팔찌,24,337,소가죽,0,3,가죽끈,1,1,,,,,,,,,
380,레이스 패브릭 소파,24,1350,레이스,1,1,패브릭 쿠션 의자,1,1,소가죽,0,6,고급 나무 막대기,1,4,,,
381,가죽 지갑,26,539,소가죽,0,2,가죽 주머니,1,1,털실,1,1,,,,,,
382,리본 라벨 반짇고리함,26,793,빨간 리본,1,1,소가죽,0,5,옹기종기 털실 바구니,1,1,레이스,1,3,,,
383,네이비 도트 미니 매트,27,840,천,1,3,소가죽,0,3,고무,0,5,,,,,,
384,연금술 입문서,27,1420,아메리카노,1,1,소가죽,0,2,종이,1,10,가죽끈,1,3,,,
385,별님 가죽 팔찌,28,662,가죽 팔찌,1,1,금속판,1,1,,,,,,,,,
386,모던레더 스퀘어 스툴,30,1910,토끼털,0,4,브라운 투톤 스툴,1,1,말가죽,0,5,가죽 단추,1,1,,,
387,앨리스 키친 격자 매트,30,3228,고무,0,5,네이비 도트 미니 매트,1,2,말가죽,0,3,토끼털,0,3,,,
388,가죽 태슬,31,166,소가죽,0,1,가죽끈,1,1,,,,,,,,,
389,가죽 손목 시계,31,895,가죽 팔찌,1,1,은 막대기,1,2,,,,,,,,,
390,모던레더 크로스 백,31,1364,말가죽,0,5,가죽 태슬,1,1,은 막대기,1,2,,,,,,
391,앤틱 벽걸이 시계,31,2467,고급 나무 판자,1,1,말가죽,0,6,은 막대기,1,3,모던레더 탁상 시계,1,1,,,
392,모던레더 1인 소파,32,3066,말가죽,0,5,레이스 패브릭 소파,1,1,가죽 단추,1,4,,,,,,
393,가봉을 마친 개굴개굴 우비 치마,33,5161,가죽 태슬,1,2,실크,1,10,고무,0,8,가죽 주머니,1,2,,,
394,가봉을 마친 개굴개굴 우비 바지,33,5161,가죽 태슬,1,2,실크,1,10,고무,0,8,가죽 주머니,1,2,,,
395,개굴개굴 우비 치마,33,7706,초록 별 열매,0,4,빨간 별 열매,0,4,가봉을 마친 개굴개굴 우비 치마,1,1,노란 별 열매,0,4,파란 별 열매,0,4
396,개굴개굴 우비 바지,33,7706,초록 별 열매,0,4,빨간 별 열매,0,4,가봉을 마친 개굴개굴 우비 바지,1,1,노란 별 열매,0,4,파란 별 열매,0,4
397,모던레더 사이드 테이블,34,3447,은 막대기,1,2,로즈우드 앤틱 서랍장,1,1,말가죽,0,10,못,1,6,,,
398,모던레더 바 스툴,34,1800,말가죽,0,3,패브릭 쿠션 의자,1,1,강철,1,1,,,,,,
399,링 펜던트 목걸이,37,1028,은 막대기,1,1,말가죽,0,3,유리,1,4,,,,,,
400,모던레더 2인 소파,37,6099,말가죽,0,6,모던레더 1인 소파,1,1,고급 나무 판자,1,4,,,,,,
401,가봉을 마친 별님 연금술사 원피스,38,8941,실크,1,6,은 막대기,1,10,금,0,10,자수정,0,2,말가죽,0,10
402,가봉을 마친 별님 연금술사 로브,38,8941,실크,1,6,은 막대기,1,10,금,0,10,자수정,0,2,말가죽,0,10
403,별님 연금술사 원피스,38,13212,초록 별 열매,0,5,빨간 별 열매,0,5,가봉을 마친 별님 연금술사 원피스,1,1,노란 별 열매,0,5,파란 별 열매,0,5
404,별님 연금술사 로브,38,13212,초록 별 열매,0,5,빨간 별 열매,0,5,가봉을 마친 별님 연금술사 로브,1,1,노란 별 열매,0,5,파란 별 열매,0,5
405,포레스트 쿠션 소파,42,8404,말가죽,0,6,모던레더 1인 소파,1,1,금 막대기,1,5,실크,1,4,,,
406,원트리 화이트 쿠션 체어,43,4973,금,0,3,앨리스 키친 쿠션 의자,1,1,말가죽,0,3,흰산호,0,2,,,
407,올리브 폼폼 미니스툴,44,4561,말가죽,0,3,모던레더 스퀘어 스툴,1,1,금,0,4,토끼털,0,5,,,
408,초록잎 쿠션 1인 소파,44,10683,소가죽,0,4,올리브 폼폼 미니스툴,1,1,말가죽,0,4,오동나무 판자,1,5,,,
409,과일이 있는 정물 액자,47,32108,붉은빛 6종 랜덤 염색약,1,2,상어,0,8,백금 과일 접시,1,1,백금 금속,1,8,노란빛 6종 랜덤 염색약,1,2
410,노블레스 테슬 스툴,49,10387,금사 타래,1,3,올리브 폼폼 미니스툴,1,1,가죽 태슬,1,4,레드코튼 원형 체어,1,1,,,
411,노블레스 안락 소파,50,17707,금사 타래,1,4,포레스트 쿠션 소파,1,1,가죽 태슬,1,5,토끼털,0,8,,,
412,로얄 노블레스 스툴,52,25569,호두나무 판자,1,4,푸른빛 10종 랜덤 염색약,1,1,원트리 화이트 쿠션 체어,1,1,앨리스 키친 격자 매트,1,1,데코협회 뱃지,0,20
413,노블레스 스트라이프 패턴 스툴,66,39110,거위털,0,4,노블레스 안락 소파,1,1,호두나무 막대기,1,2,금사 타래,1,4,,,
414,노블레스 화이트 로즈 액자,69,74070,에메랄드,0,4,다이아몬드,0,4,노블레스 자기 화병,1,2,루비,0,4,보라빛 6종 랜덤 염색약,1,2
415,화이트엔젤 포버튼 스툴,71,28418,빨간 황소 물약,1,2,가죽 단추,1,4,올리브 폼폼 미니스툴,1,2,초콜릿,1,3,벨벳천,1,2
416,화이트엔젤 원내 알림판,73,106895,자주빛 6종 랜덤 염색약,1,1,플라워 파티 알림판,1,2,깔끔한 화이트 프레임 세계지도,1,3,별빛 목재,0,4,회색빛 6종 랜덤 염색약,1,1
417,별빛 숲속 캠핑장 작은 여행 가방,84,87899,로얄 노블레스 스툴,1,2,가죽끈,1,10,금사 타래,1,6,,,,,,
418,꿈속의 유니콘 구름 소파,86,118917,토끼털,0,15,노블레스 안락 소파,1,4,옹기종기 털실 바구니,1,10,별빛 원석,0,5,,,
419,힐링 스파 안마 의자,94,795028,별빛 이끼,0,3,노블레스 안락 소파,1,3,꿈속의 유니콘 구름 소파,1,2,노블레스 테슬 스툴,1,5,화이트엔젤 포버튼 스툴,1,6
420,힐링 스파 앤틱 레더 벽지,94,893658,금 막대기,1,2,노블레스 화이트 마블 전신거울,1,2,화이트엔젤 약품 수납장,1,2,과일이 있는 정물 액자,1,1,벨벳천,1,5
421,유리,17,55,흙,0,1,자갈,0,1,,,,,,,,,
422,미니 딸기꽃 화분,17,191,씨앗,0,3,흙,0,3,딸기,0,10,,,,,,
423,맑은 리본 거울,17,360,가죽끈,1,2,나무 판자,1,2,유리,1,3,,,,,,
424,노란 장미 화분,18,260,씨앗,0,2,흙,0,4,노란장미,0,2,,,,,,
425,점토,19,55,흙,0,1,,,,,,,,,,,,
426,접시,19,80,점토,1,1,전나무 목재,0,1,,,,,,,,,
427,올리브 그린 포슬린,19,193,묘목,0,1,접시,1,1,못,1,1,,,,,,
428,화병,21,227,유리,1,3,,,,,,,,,,,,
429,플라워 선인장 화분,21,423,묘목,0,2,화병,1,1,흙,0,2,,,,,,
430,하얀 수국 화분,21,417,씨앗,0,3,화병,1,1,흙,0,2,,,,,,
431,유러피안 봄날 액자,21,882,나무 판자,1,10,올리브 그린 포슬린,1,2,못,1,2,,,,,,
432,호스타 우드 플랜터,22,379,단풍나무 목재,0,3,초록 포포레스 화분,1,2,레이스,1,3,,,,,,
433,찻잔,24,232,점토,1,3,,,,,,,,,,,,
434,둥근 토피어리 화분,24,604,화병,1,1,초록 포포레스 화분,1,5,흙,0,3,,,,,,
435,티포트 세트 선반,24,2553,유러피안 오픈 책꽂이,1,1,찻잔,1,4,지그재그 주전자,1,1,,,,,,
436,유리병,25,171,유리,1,1,금속 막대기,1,1,,,,,,,,,
437,유러피안 화려한 장미 꽃병,26,699,노란 장미 화분,1,1,화병,1,1,,,,,,,,,
438,로즈우드 앤틱 전신거울,26,1066,고급 나무 막대기,1,5,맑은 리본 거울,1,1,노란장미,0,3,,,,,,
439,유러피안 그린피스 액자,26,2047,유리,1,2,유러피안 봄날 액자,1,1,올리브 그린 포슬린,1,2,찻잎,0,2,,,
440,율마 자기 화분,27,1036,흙,0,3,점토,1,3,묘목,0,10,파란 톱니 물약,1,1,,,
441,그릇,28,280,점토,1,2,석회석,0,1,,,,,,,,,
442,에코 비누 세트,28,862,라벤더,0,5,유리병,1,1,고무,0,2,,,,,,
443,통통비치 조개 액자,28,1376,가죽끈,1,6,석회석,0,6,빨간 산호,0,5,조개,0,3,,,
444,해피바스 리본 스트랩 러그,28,773,토끼털,0,5,천,1,3,양털,0,10,,,,,,
445,도자기 커피통 세트,28,1558,커피,0,2,그릇,1,3,설탕,1,2,우유,0,6,,,
446,노란 프리지아 화병,28,1286,화병,1,1,노란 장미 화분,1,1,파란 톱니 물약,1,1,,,,,,
447,라벤더향 디퓨저,29,957,유리병,1,1,라벤더,0,5,고급 나무 막대기,1,2,,,,,,
448,해피바스 벽장식 스탠드,29,782,금속 막대기,1,2,심플 스탠드,1,1,노란장미,0,5,,,,,,
449,기초 화장품 세트,29,1325,광천수,0,3,라벤더,0,3,유리병,1,3,고무,0,2,,,
450,해피바스 수건 바구니,29,578,천,1,4,에코 바구니,1,1,나무 넝쿨,0,10,무명천,1,4,,,
451,프레쉬 나뭇잎 세면대,29,3166,금속판,1,3,시멘트,1,3,에코 비누 세트,1,1,광천수,0,5,,,
452,해피바스 빈티지 파이프 세면대,29,4858,강철,1,2,점토,1,5,로즈우드 앤틱 서랍장,1,1,기초 화장품 세트,1,1,,,
453,퓨어 화이트 타일,29,6554,황회색빛 10종 랜덤 염색약,1,1,점토,1,10,시멘트,1,6,아이보리 스톤 타일,1,1,,,
454,해피바스 리본액자 수건걸이,30,2007,토끼털,0,3,고급 나무 판자,1,6,고급 나무 막대기,1,2,별님 총총 액자,1,1,,,
455,써클렛 타일,30,10001,시멘트,1,8,점토,1,12,회색빛 10종 랜덤 염색약,1,1,,,,,,
456,통통비치 해변 램프,31,1539,은 막대기,1,1,시멘트,1,2,파란 톱니 물약,1,1,,,,,,
457,소스병 2종 세트,31,1715,포도씨유,1,3,유리병,1,2,토마토,0,10,고급 나무 판자,1,1,,,
458,미니 레드 스퀘어 화병,31,1893,흙,0,5,유러피안 화려한 장미 꽃병,1,1,파란 톱니 물약,1,1,,,,,,
459,로맨틱한 분홍 장미,32,1604,씨앗,0,10,유러피안 화려한 장미 꽃병,1,1,파란 톱니 물약,1,1,,,,,,
460,해피바스 아로마 오일 테이블,32,1958,라벤더향 디퓨저,1,1,우드 레이스 테이블,1,1,화병,1,1,천,1,2,,,
461,플라워 포슬린,32,3166,노란장미,0,6,올리브 그린 포슬린,1,2,라벤더,0,6,파란 톱니 물약,1,3,,,
462,초코 리본 타일,33,12911,시멘트,1,5,초콜릿,1,5,퓨어 화이트 타일,1,1,,,,,,
463,통통비치 별모래성,35,4023,빨간 산호,0,1,빨간 무명천,1,2,흙,0,12,조개,0,3,파란 톱니 물약,1,5
464,라벤더향 향초,36,1726,고래기름,1,1,라벤더,0,4,유리병,1,1,,,,,,
465,꽃송이 도트 화분,36,2587,노란 장미 화분,1,1,노란 프리지아 화병,1,1,미니 딸기꽃 화분,1,1,,,,,,
466,22년산 보틀 바스켓,37,3228,나무 넝쿨,0,6,통통비치 아이스 와인통,1,1,노란 프리지아 화병,1,1,,,,,,
467,네이비 도트 싱크대,37,11459,강철,1,4,에코 비누 세트,1,1,시멘트,1,6,네이비 도트 키친 카운터,1,1,,,
468,베아트리체 앤틱 찻잔 세트,38,4056,금속판,1,2,유러피안 로얄골드 홍차세트,1,1,은,0,8,파란 톱니 물약,1,1,,,
469,전통 다기 세트,38,2084,찻잔,1,2,지그재그 주전자,1,1,점토,1,8,고급 나무 판자,1,1,,,
470,난초 화분,39,2892,호스타 우드 플랜터,1,1,유러피안 화려한 장미 꽃병,1,1,파란 톱니 물약,1,2,,,,,,
471,화려한 은제 촛대,40,3506,오동나무 막대기,1,3,은 막대기,1,5,금,0,2,고래기름,1,1,,,
472,하우스 뷔페 은제 그릇,40,2610,천,1,2,접시,1,5,은,0,3,파란 톱니 물약,1,2,,,
473,관상용 노란 꽃 덤불,40,3080,씨앗,0,10,노란장미,0,6,기다란 수풀 울타리,1,1,빨간 산호,0,8,로얄골드 홍차,1,3
474,벚꽃 리본 화병,40,5343,빨간 리본,1,1,난초 화분,1,1,체리,0,4,파란 톱니 물약,1,1,,,
475,관상용 흰 꽃 덤불,40,4147,씨앗,0,10,노란장미,0,6,기다란 수풀 울타리,1,1,흰산호,0,8,피치 베리 무스컵,1,3
476,봄날 총총 꽃길,41,1288,자갈,0,5,노란장미,0,5,바닐라,0,5,씨앗,0,3,,,
477,봄날 소복한 꽃길,41,3719,봄날 총총 꽃길,1,2,복숭아,0,3,,,,,,,,,
478,가드닝 파티 청정 화분,41,5960,호스타 우드 플랜터,1,1,율마 자기 화분,1,1,미니 레드 스퀘어 화병,1,1,지그재그 물조리개,1,1,,,
479,깔끔한 화이트 프레임 유리 파티션,42,2199,은 막대기,1,4,시멘트,1,2,흰산호,0,5,유리,1,3,,,
480,에버그린 공기 정화용 화분,42,2326,커피,0,5,율마 자기 화분,1,1,석회석,0,3,씨앗,0,3,,,
481,에버그린 벽걸이 호야 화분,42,2150,은 막대기,1,2,호스타 우드 플랜터,1,2,가죽끈,1,4,못,1,2,,,
482,빨간 포포레스 사각화분,43,5058,지그재그 물조리개,1,1,오동나무 판자,1,4,빨간 포포레스 화병,1,2,흙,0,4,빨간 황소 물약,1,1
483,밤을 새운 부엉이 머그잔,43,3120,바삭한 블루베리 파이,1,2,아메리카노,1,2,오동나무 판자,1,1,식기 세트,1,1,,,
484,그린 올웨이즈 조형 나무,43,9320,알루미늄 금속,1,6,둥근 토피어리 화분,1,3,자갈,0,10,빨간 황소 물약,1,3,,,
485,티타임 캐니스터 세트,44,5035,커피,0,4,도자기 커피통 세트,1,1,노란 장미 화분,1,1,바닐라 시럽,1,2,,,
486,자연주의 에코 브릭 바닥,44,22097,커피,0,6,초콜릿,1,6,자연주의 에코 스톤 타일 바닥,1,1,흰산호,0,6,빨간 황소 물약,1,2
487,초록잎 미니가든 장식,44,11415,플라워 선인장 화분,1,3,유러피안 화려한 장미 꽃병,1,3,오동나무 판자,1,4,통통비치 해변 램프,1,1,식탁보,1,2
488,포포르도 와인잔,45,4559,금 막대기,1,3,통통비치 아이스 와인통,1,1,유리병,1,1,슈가 체리츄,1,1,,,
489,포포르도 와인,46,8845,데코협회 뱃지,0,2,톡톡팡팡 탄산수,1,1,포포르도 와인잔,1,1,말가죽,0,2,백금 금속,1,1
490,노블레스 백금 바닥,47,51147,광천수,0,6,호두나무 판자,1,6,자연주의 에코 브릭 바닥,1,1,금사 타래,1,6,데코협회 감사 뱃지,0,60
491,노블레스 소형 벽난로,48,25083,시멘트,1,5,강철,1,5,화려한 은제 촛대,1,1,호두나무 막대기,1,4,초록빛 6종 랜덤 염색약,1,2
492,석조 노블레스 창문,49,49804,강철,1,6,시멘트,1,6,포레스트 케이스먼트 창문,1,1,깔끔한 화이트 프레임 유리 파티션,1,3,데코협회 뱃지,0,20
493,노블레스 아치형 벽지,49,58716,푸른빛 6종 랜덤 염색약,1,3,백금 금속,1,6,자연주의 에코 브릭 벽지,1,1,시멘트,1,5,데코협회 감사 뱃지,0,60
494,노블레스 커튼문,49,160861,시멘트,1,6,월넛 접견실 테이블,1,2,포레스트 더블 도어 현관문,1,1,금사 타래,1,4,데코협회 감사 뱃지,0,80
495,노블레스 실링골드 벽지,53,62664,금사 타래,1,6,에메랄드,0,2,자연주의 에코 브릭 벽지,1,1,실크,1,5,화이트 도트 벽지,1,1
496,노블레스 카트린느 화장대,53,47453,노블레스 테슬 스툴,1,1,해피바스 아로마 오일 테이블,1,1,원트리 사무용 책상,1,1,로즈우드 앤틱 전신거울,1,1,데코협회 감사 뱃지,0,50
497,노블레스 펠리스 바닥,53,71022,호두나무 판자,1,6,초코 리본 타일,1,1,자연주의 에코 브릭 바닥,1,1,자수정,0,2,시멘트,1,7
498,노블레스 자기 화병,54,13111,율마 자기 화분,1,1,분홍 장미,1,8,난초 화분,1,2,봄날 총총 꽃길,1,1,,,
499,노블레스 수국 자기 화분,55,28900,티타임 캐니스터 세트,1,1,관상용 흰 꽃 덤불,1,2,관상용 노란 꽃 덤불,1,2,지그재그 물조리개,1,1,씨앗,0,10
500,노블레스 라이브러리 매트 창,55,314442,벨벳천,1,9,석조 노블레스 창문,1,2,월넛 노블레스 책장,1,2,초록잎 미니가든 장식,1,3,호두나무 막대기,1,9
501,노블레스 마블 롬버스 바닥,58,132237,백금 금속,1,6,퓨어 화이트 타일,1,2,별빛 목재,0,4,노블레스 펠리스 바닥,1,1,은 막대기,1,4
502,노블레스 마블 필라 벽지,58,124124,과일이 있는 정물 액자,1,1,자연주의 에코 나뭇잎 벽지,1,2,별빛 목재,0,6,황회색빛 6종 랜덤 염색약,1,3,시멘트,1,9
503,노블레스 다이닝 키친 싱크대,59,70883,백금 과일 접시,1,1,별빛 원석,0,4,네이비 도트 싱크대,1,2,노블레스 월넛 키친 카운터,1,1,데코협회 감사 뱃지,0,35
504,노블레스 로얄 골드라인 티포트 세트,60,85611,전통 다기 세트,1,7,별빛 원석,0,15,베아트리체 앤틱 찻잔 세트,1,6,백금 과일 접시,1,2,,,
505,노블레스 로얄 플라워 센터피스,61,18479,활짝 핀 프리지아 미니꽃병,1,1,별빛 원석,0,10,화병,1,10,백금 금속,1,4,,,
506,노블레스 다이아몬드 스톤 타일,63,141941,백금 금속,1,10,퓨어 화이트 타일,1,2,다이아몬드,0,5,노블레스 펠리스 바닥,1,1,흰산호,0,10
507,노블레스 다이아몬드 로즈 벽지,63,155945,별빛 목재,0,4,자연주의 에코 브릭 벽지,1,2,다이아몬드,0,5,청회색빛 6종 랜덤 염색약,1,3,시멘트,1,10
508,노블레스 화이트 마블 전신거울,67,23462,백금 금속,1,2,호두나무 판자,1,6,로즈우드 앤틱 전신거울,1,2,별빛 원석,0,3,사파이어,0,2
509,노블레스 원목 벽걸이 거울,67,88249,금,0,10,로즈우드 앤틱 전신거울,1,4,별빛 목재,0,6,노블레스 골든 파티션,1,4,자수정,0,4
510,노블레스 화이트 로즈 퍼퓸 디퓨저,68,38057,해피바스 아로마 오일 테이블,1,1,고래기름,1,4,노블레스 로얄 플라워 센터피스,1,1,백금 금속,1,3,,,
511,화이트엔젤 약품 수납장,71,239622,빨간 황소 물약,1,3,밀크 화이트 원목 장식장,1,2,로얄 노블레스 월넛 찬장,1,2,파란 톱니 물약,1,5,반짝반짝 주황 별모래,1,3
512,화이트엔젤 크루시아 화분,72,28521,에버그린 벽걸이 호야 화분,1,2,초록잎 미니가든 장식,1,1,에버그린 공기 정화용 화분,1,1,씨앗,0,10,,,
513,화이트엔젤 주전자 호롱등,75,31552,별빛 이끼,0,5,밤을 새운 부엉이 머그잔,1,2,전통 다기 세트,1,3,라벤더향 향초,1,3,,,
514,화이트엔젤 미니 화분,76,30807,별빛 이끼,0,3,노블레스 로얄 플라워 센터피스,1,1,별빛 약수,0,2,씨앗,0,8,,,
515,화이트엔젤 보건소 커튼창,76,411667,라벤더,0,5,석조 노블레스 창문,1,2,노블레스 커튼문,1,1,자수정,0,3,레이스,1,7
516,별빛 숲속 캠핑장 캠프파이어 장,80,522556,별빛 약수,0,8,흙,0,20,석회석,0,20,노블레스 다이아몬드 스톤 타일,1,2,노블레스 백금 바닥,1,1
517,꿈속의 유니콘 구름 벽등,86,109096,거위털,0,10,백금 금속,1,5,실키 노블레스 벽조명,1,3,다이아몬드,0,3,토끼털,0,15
518,꿈속의 유니콘 하늘 바닥,89,270025,퓨어 화이트 타일,1,2,노블레스 다이아몬드 스톤 타일,1,1,은 막대기,1,8,반짝반짝 분홍 별가루,1,5,에메랄드,0,2
519,꿈속의 유니콘 하늘 벽지,89,519024,푸른빛 6종 랜덤 염색약,1,2,노블레스 다이아몬드 로즈 벽지,1,2,시멘트,1,6,반짝반짝 파란 별가루,1,5,별빛 목재,0,6
520,힐링 스파 밀라노 월넛 세면대,91,789638,별빛 약수,0,5,화이트엔젤 서랍장,1,2,별빛 숲속 캠핑장 캠프파이어 송,1,2,호두나무 막대기,1,6,티타임 캐니스터 세트,1,4
521,금속 막대기,19,64,철,0,1,,,,,,,,,,,,
522,못,19,64,철,0,1,,,,,,,,,,,,
523,지그재그 주전자,19,296,광천수,0,2,금속 막대기,1,2,나무 막대기,1,2,,,,,,
524,심플 스탠드,19,317,무명천,1,5,금속 막대기,1,1,유리,1,2,,,,,,
525,식기 세트,20,171,금속 막대기,1,1,고급 나무 막대기,1,1,,,,,,,,,
526,클래식 철제 난로,21,961,금속 막대기,1,5,철,0,5,단풍나무 목재,0,3,,,,,,
527,금속판,23,136,철,0,2,,,,,,,,,,,,
528,지그재그 물조리개,23,650,금속판,1,1,지그재그 주전자,1,1,광천수,0,1,,,,,,
529,유러피안 레이스 램프,23,710,레이스,1,2,심플 스탠드,1,1,고급 나무 막대기,1,2,,,,,,
530,조리 도구 세트,24,547,금속판,1,2,고급 나무 막대기,1,2,,,,,,,,,
531,팬 식기 우드 행거,24,1242,고급 나무 판자,1,1,조리 도구 세트,1,1,식기 세트,1,1,못,1,1,,,
532,로즈우드 앤틱 문,24,3275,고급 나무 판자,1,3,화이트리스 현관문,1,1,금속 막대기,1,4,노란장미,0,3,,,
533,스모크 BBQ 그릴,25,1599,클래식 철제 난로,1,1,소고기,0,3,전나무 목재,0,10,,,,,,
534,통통비치 아이스 와인통,25,866,유리병,1,1,금속판,1,1,포도,0,4,얼음,1,2,,,
535,통통비치 아이스 박스,25,1566,얼음,1,5,고무,0,5,유리병,1,2,오렌지 에이드,1,2,,,
536,통통비치 해변 파라솔,25,2580,천,1,10,우드라운드 미니 테이블,1,1,금속 막대기,1,10,조개,0,2,,,
537,로즈우드 앤틱 재봉틀,26,2282,로즈우드 앤틱 서랍장,1,1,철,0,6,로즈우드 앤틱 실타래 선반,1,1,레이스,1,2,,,
538,시멘트,27,266,석회석,0,2,조개,0,1,,,,,,,,,
539,프라이팬,27,787,고무,0,2,금속판,1,2,포도씨유,1,1,,,,,,
540,강철,27,637,철,0,1,파란 톱니 물약,1,1,,,,,,,,,
541,산뜻한 봄날 스탠드,27,1031,빨간 무명천,1,3,심플 스탠드,1,1,천,1,3,금속 막대기,1,2,,,
542,통통비치 조개 의자,28,2013,조개,0,5,시멘트,1,3,고급 나무 판자,1,4,,,,,,
543,통통비치 조개 테이블,28,2219,유리,1,3,시멘트,1,5,조개,0,5,,,,,,
544,은 막대기,31,151,은,0,1,,,,,,,,,,,,
545,짧은 철제 장미 울타리,31,615,노란장미,0,6,은,0,1,금속 막대기,1,3,나무 넝쿨,0,3,,,
546,기다란 철제 장미 울타리,31,1677,짧은 철제 장미 울타리,1,2,,,,,,,,,,,,
547,캔,33,274,철,0,2,석회석,0,1,,,,,,,,,
548,컵홀더 수저통,34,1236,식기 세트,1,1,은 막대기,1,3,찻잔,1,1,,,,,,
549,앨리스 키친 벽램프,34,2194,실크,1,2,유러피안 레이스 램프,1,1,은 막대기,1,2,,,,,,
550,통통비치 철제 야외 의자,35,2047,실크,1,2,강철,1,1,금속 막대기,1,4,,,,,,
551,네이비 도트 원도어 냉장고,35,6173,강철,1,1,통통비치 아이스 박스,1,2,은 막대기,1,3,,,,,,
552,버블 퐁퐁 스펀지,36,1992,솜,0,8,금속판,1,1,에코 비누 세트,1,1,못,1,4,,,
553,금 막대기,38,203,금,0,1,,,,,,,,,,,,
554,다이아몬드 반지,38,1517,다이아몬드,0,1,금 막대기,1,2,,,,,,,,,
555,사파이어 팔찌,38,1703,금 막대기,1,1,사파이어,0,1,가죽 팔찌,1,1,,,,,,
556,루비 브로치,38,1235,루비,0,1,레이스,1,3,금속 막대기,1,1,,,,,,
557,대롱대롱 전등 파티션,41,2600,강철,1,1,오동나무 막대기,1,2,가죽끈,1,3,유리병,1,3,,,
558,가드닝 파티 레스토랑 클로슈,41,4418,접시,1,1,하우스 뷔페 은제 그릇,1,1,파란 톱니 물약,1,1,,,,,,
559,가든 그릴 테이블,41,12477,금,0,3,원목 양념통,1,2,스모크 BBQ 그릴,1,3,조리 도구 세트,1,3,숙성 등심 스테이크,1,5
560,깔끔한 화이트 프레임 세계지도,42,11767,책,1,10,은 막대기,1,8,통통비치 조개 액자,1,1,흰산호,0,5,연금술 입문서,1,3
561,깔끔한 화이트 철제 캐비닛,43,3959,알루미늄 금속,1,2,로즈우드 앤틱 서랍장,1,2,모던레더 서류 가방,1,4,,,,,,
562,골든벨 플로어 스탠드,43,4037,알루미늄 금속,1,2,심플 스탠드,1,2,금,0,4,빨간 황소 물약,1,1,,,
563,깔끔한 화이트 사무용 칠판,43,9212,알루미늄 금속,1,3,플라워 파티 알림판,1,1,종이,1,6,,,,,,
564,골든벨 트리플 벽조명,43,12897,오동나무 막대기,1,4,골든벨 플로어 스탠드,1,2,못,1,3,,,,,,
565,깔끔한 화이트 프레임 유리 보조 탁자,43,9592,알루미늄 금속,1,8,유리,1,6,빨간 황소 물약,1,1,강철,1,4,,,
566,깔끔한 화이트 프레임 유리 책상,43,20823,알루미늄 금속,1,4,깔끔한 화이트 프레임 유리 보조 탁자,1,1,모던레더 사이드 테이블,1,1,유리,1,4,,,
567,버터쿠키 베스트 셀렉션,44,5131,바닐라,0,6,레몬 머랭 쿠키,1,1,알루미늄 금속,1,2,버터,1,6,,,
568,올디 커피 그라인더,44,4119,아메리카노,1,1,강철,1,1,알루미늄 금속,1,2,고래기름,1,1,,,
569,초록잎 프레시니스 냉장고,44,16785,아이스 바닐라 라떼,1,1,알루미늄 금속,1,5,네이비 도트 원도어 냉장고,1,1,종이,1,3,모닝 베이글 샌드위치,1,1
570,초록잎 러너 티 테이블,44,29699,식탁보,1,4,깔끔한 화이트 프레임 유리 보조 탁자,1,2,고무,0,4,,,,,,
571,티타임 투도어 발코니 창,44,58862,오동나무 판자,1,8,알루미늄 금속,1,6,포레스트 더블 도어 현관문,1,1,금속 막대기,1,4,관상용 흰 꽃 덤불,1,2
572,접견실 백금 촛대,46,6031,라벤더향 디퓨저,1,1,백금 금속,1,3,금 막대기,1,3,고래기름,1,1,데코협회 감사 뱃지,0,5
573,백금 과일 접시,46,6489,빈티지 서랍 과일 상자,1,1,하우스 뷔페 은제 그릇,1,1,백금 금속,1,2,레몬,0,3,,,
574,실키 노블레스 벽조명,47,17389,금사 타래,1,2,백금 금속,1,4,앨리스 키친 벽램프,1,3,알루미늄 금속,1,4,천,1,3
575,노블레스 골든 파티션,51,12038,못,1,4,가죽 팔찌,1,4,백금 금속,1,2,대롱대롱 전등 파티션,1,2,,,
576,노블레스 침실 벽조명,51,45032,호두나무 막대기,1,8,실키 노블레스 벽조명,1,1,양초,1,3,백금 금속,1,3,에버그린 벽걸이 호야 화분,1,2
577,노블레스 파울로니아 협탁,52,28150,포도,0,5,가드닝 파티 원형 테이블,1,1,백금 금속,1,4,호두나무 판자,1,4,오동나무 막대기,1,4
578,꽃병이 있는 정물 액자,53,51455,빨간 황소 물약,1,2,꽃송이 도트 화분,1,2,깔끔한 화이트 프레임 세계지도,1,1,백금 금속,1,5,청회색빛 6종 랜덤 염색약,1,1
579,노블레스 스타케이지 조명,56,15056,양초,1,4,골든벨 플로어 스탠드,1,1,올디 커피 그라인더,1,1,백금 금속,1,3,,,
580,노블레스 철제 스토브,57,46896,화려한 은제 촛대,1,1,호두나무 막대기,1,2,노블레스 소형 벽난로,1,1,클래식 철제 난로,1,1,데코협회 감사 뱃지,0,25
581,노블레스 철제 오븐,60,53180,금속판,1,10,별빛 원석,0,15,클래식 철제 난로,1,5,골든벨 플로어 스탠드,1,6,,,
582,노블레스 스톤 케이브 냉장고,60,183224,네이비 도트 원도어 냉장고,1,5,강철,1,25,초록잎 프레시니스 냉장고,1,4,은 막대기,1,20,별빛 원석,0,5
583,노블레스 철제 환풍기,61,174295,별빛 원석,0,5,골든벨 트리플 벽조명,1,5,금 막대기,1,15,깔끔한 화이트 철제 캐비닛,1,8,강철,1,20
584,노블레스 실버라인 모노클,63,199792,사파이어 팔찌,1,10,은 막대기,1,20,별빛 원석,0,12,깔끔한 화이트 프레임 유리 보조 탁자,1,5,티타임 투도어 발코니 창,1,1
585,노블레스 매그놀리아 라이트,64,20513,반짝반짝 주황 별모래,1,3,골든벨 플로어 스탠드,1,1,백금 금속,1,4,반짝반짝 초록 별모래,1,3,,,
586,노블레스 골드라인 샤워기,65,121502,백금 금속,1,10,노블레스 로얄 와인 진열대,1,2,별빛 원석,0,10,반짝반짝 초록 별모래,1,8,,,
587,노블레스 골드라인 수건 보관함,66,46972,호두나무 판자,1,8,금 막대기,1,10,해피바스 수건 바구니,1,1,노블레스 자기 화병,1,1,백금 금속,1,4
588,노블레스 다이아몬드 스톤 기둥벽,66,63715,은 막대기,1,10,별빛 목재,0,8,퓨어 화이트 타일,1,4,호두나무 막대기,1,10,,,
589,노블레스 하얀 아네모네 화병,67,46023,노블레스 자기 화병,1,2,백금 금속,1,6,별빛 원석,0,3,,,,,,
590,화이트엔젤 메디컬 차트,69,33714,청록빛 6종 랜덤 염색약,1,1,강철,1,7,별빛 원석,0,7,책,1,10,황회색빛 6종 랜덤 염색약,1,1
591,화이트엔젤 레이스 스크린,72,35665,라벤더,0,5,깔끔한 화이트 사무용 칠판,1,1,자수정,0,1,벨벳천,1,4,,,
592,화이트엔젤 로고 보드,73,92272,청록빛 6종 랜덤 염색약,1,1,우드 레스토랑 보드,1,1,과일이 있는 정물 액자,1,1,별빛 원석,0,4,남보라빛 6종 랜덤 염색약,1,2
593,화이트엔젤 주사기 스텐밧드,74,39822,자수정,0,1,별빛 이끼,0,2,별빛 약수,0,6,별빛 원석,0,3,깔끔한 화이트 프레임 유리 책상,1,1
594,별빛 숲속 캠핑장 간이 조리대,79,138009,별빛 약수,0,5,백금 과일 접시,1,1,알루미늄 금속,1,8,백금 금속,1,4,노블레스 월넛 키친 코너 카운터,1,1
595,꿈속의 유니콘 엔젤 하프,88,167611,금 막대기,1,10,백금 금속,1,8,별빛 원석,0,5,노블레스 하얀 아네모네 화병,1,2,고래기름,1,10
596,꿈속의 유니콘 사자의 포효 샘물,88,658831,금 막대기,1,10,노블레스 골드라인 샤워기,1,2,별빛 약수,0,8,노블레스 철제 환풍기,1,1,사파이어,0,3
597,힐링 스파 마운트 수건걸이,91,863634,금 막대기,1,8,노블레스 화이트 로즈 퍼퓸 디퓨저,1,2,화이트엔젤 약품 수납장,1,2,백금 금속,1,7,천,1,3
598,꿈속의 유니콘 드링크 디스펜서,97,559197,화이트엔젤 주사기 스텐밧드,1,4,노블레스 향긋한 레몬 코냑,1,3,백금 과일 접시,1,3,로지 로즈티,1,4,노블레스 스타케이지 조명,1,3
599,포포레스랜드 미니 회전목마,100,1291665,화이트엔젤 레이스 스크린,1,1,별빛 원석,0,7,꿈속의 유니콘 하늘 구름 나무,1,1,사파이어 팔찌,1,2,강철,1,5
600,포포레스랜드 하늘을 나는 탐험선,100,2451292,골든벨 트리플 벽조명,1,5,대롱대롱 전등 파티션,1,5,꿈속의 유니콘 구름다리,1,1,별빛 숲속 캠핑장 그루터기와 장작,1,1,금 막대기,1,7
601,포포레스랜드 핑크 범퍼카,101,1017550,노블레스 골드라인 수건 보관함,1,5,꿈속의 유니콘 엔젤 하프,1,2,노블레스 매그놀리아 라이트,1,4,알루미늄 금속,1,6,빨간 별 열매,0,5
602,포포레스랜드 옐로우 범퍼카,101,1017550,노블레스 골드라인 수건 보관함,1,5,꿈속의 유니콘 엔젤 하프,1,2,노블레스 매그놀리아 라이트,1,4,알루미늄 금속,1,6,노란 별 열매,0,5
603,포포레스랜드 그린 범퍼카,101,1017550,노블레스 골드라인 수건 보관함,1,5,꿈속의 유니콘 엔젤 하프,1,2,노블레스 매그놀리아 라이트,1,4,알루미늄 금속,1,6,초록 별 열매,0,5
604,포포레스랜드 관람차 모형,101,1148195,깅코 1인 덩굴 체어,1,5,실키 노블레스 벽조명,1,3,꿈속의 유니콘 구름 벽등,1,3,노블레스 스타케이지 조명,1,2,꿈속의 유니콘 하늘 그네 의자,1,1
605,파란 톱니 물약,27,420,사과,0,3,꽁치,0,2,유리병,1,1,,,,,,
606,노란빛 10종 랜덤 염색약,27,874,광천수,0,10,노란 별 열매,0,3,고무,0,3,,,,,,
607,붉은빛 10종 랜덤 염색약,27,874,광천수,0,10,빨간 별 열매,0,3,고무,0,3,,,,,,
608,푸른빛 10종 랜덤 염색약,27,874,광천수,0,10,파란 별 열매,0,3,고무,0,3,,,,,,
609,초록빛 10종 랜덤 염색약,27,874,광천수,0,10,초록 별 열매,0,3,고무,0,3,,,,,,
610,주황빛 10종 랜덤 염색약,28,2335,노란빛 10종 랜덤 염색약,1,1,파란 톱니 물약,1,2,,,,,,,,,
611,자주빛 10종 랜덤 염색약,28,2335,붉은빛 10종 랜덤 염색약,1,1,파란 톱니 물약,1,2,,,,,,,,,
612,남보라빛 10종 랜덤 염색약,28,2335,푸른빛 10종 랜덤 염색약,1,1,파란 톱니 물약,1,2,,,,,,,,,
613,청록빛 10종 랜덤 염색약,28,2335,초록빛 10종 랜덤 염색약,1,1,파란 톱니 물약,1,2,,,,,,,,,
614,보라빛 10종 랜덤 염색약,28,2383,붉은빛 10종 랜덤 염색약,1,1,푸른빛 10종 랜덤 염색약,1,1,,,,,,,,,
615,황회색빛 10종 랜덤 염색약,28,2383,초록빛 10종 랜덤 염색약,1,1,노란빛 10종 랜덤 염색약,1,1,,,,,,,,,
616,청회색빛 10종 랜덤 염색약,30,4454,황회색빛 10종 랜덤 염색약,1,1,파란 톱니 물약,1,2,,,,,,,,,
617,회색빛 10종 랜덤 염색약,30,4454,보라빛 10종 랜덤 염색약,1,1,파란 톱니 물약,1,2,,,,,,,,,
618,노란빛 6종 랜덤 염색약,31,2451,노란빛 10종 랜덤 염색약,1,2,,,,,,,,,,,,
619,붉은빛 6종 랜덤 염색약,31,2451,붉은빛 10종 랜덤 염색약,1,2,,,,,,,,,,,,
620,푸른빛 6종 랜덤 염색약,31,2451,푸른빛 10종 랜덤 염색약,1,2,,,,,,,,,,,,
621,초록빛 6종 랜덤 염색약,31,2451,초록빛 10종 랜덤 염색약,1,2,,,,,,,,,,,,
622,주황빛 6종 랜덤 염색약,33,6614,주황빛 10종 랜덤 염색약,1,2,,,,,,,,,,,,
623,자주빛 6종 랜덤 염색약,33,6614,자주빛 10종 랜덤 염색약,1,2,,,,,,,,,,,,
624,남보라빛 6종 랜덤 염색약,33,6614,남보라빛 10종 랜덤 염색약,1,2,,,,,,,,,,,,
625,청록빛 6종 랜덤 염색약,33,6614,청록빛 10종 랜덤 염색약,1,2,,,,,,,,,,,,
626,보라빛 6종 랜덤 염색약,33,6749,보라빛 10종 랜덤 염색약,1,2,,,,,,,,,,,,
627,황회색빛 6종 랜덤 염색약,33,6749,황회색빛 10종 랜덤 염색약,1,2,,,,,,,,,,,,
628,청회색빛 6종 랜덤 염색약,35,12640,청회색빛 10종 랜덤 염색약,1,2,,,,,,,,,,,,
629,회색빛 6종 랜덤 염색약,35,12640,회색빛 10종 랜덤 염색약,1,2,,,,,,,,,,,,
630,가드닝 파티용 헬륨 풍선,41,3873,파란 톱니 물약,1,4,고무,0,8,빨간 리본,1,2,자수정,0,1,,,
631,빨간 황소 물약,43,828,복숭아,0,3,상어,0,3,유리병,1,1,,,,,,
632,알루미늄 금속,43,1424,알루미늄 원석,0,0.25,빨간 황소 물약,1,0.25,,,,,,,,,
633,레모니 퍼퓸 포푸리,44,7123,가죽끈,1,3,레몬,0,6,라벤더향 디퓨저,1,3,오동나무 목재,0,2,빨간 황소 물약,1,1
634,백금 금속,46,2418,빨간 황소 물약,1,0.25,백금 원석,0,0.5,파란 톱니 물약,1,0.25,,,,,,
635,에메랄드 귀걸이,50,15463,링 펜던트 목걸이,1,1,백금 금속,1,8,에메랄드,0,2,빨간 황소 물약,1,4,데코협회 감사 뱃지,0,50
636,반짝반짝 주황 별모래,58,1225,카카오,0,2,새우,0,3,양고기,0,2,,,,,,
637,반짝반짝 초록 별모래,58,1194,아스파라거스,0,5,고래,0,3,달걀,0,3,블루베리,0,1,,,
638,화이트엔젤 청진기,69,38053,사파이어,0,1,반짝반짝 주황 별모래,1,5,에메랄드 귀걸이,1,1,백금 금속,1,4,고무,0,8
639,반짝반짝 분홍 별가루,74,2846,랍스터,0,2,반짝반짝 주황 별모래,1,1,빨간 산호,0,5,가죽 주머니,1,1,,,
640,반짝반짝 파란 별가루,74,2613,꽁치,0,3,반짝반짝 초록 별모래,1,1,블루베리,0,5,가죽 주머니,1,1,,,
641,화이트엔젤 이동식 링거,74,27965,별빛 약수,0,8,골든벨 플로어 스탠드,1,3,자수정,0,2,별빛 이끼,0,4,,,
642,힐링 스파 버블 바스 카트,92,600217,노블레스 하얀 아네모네 화병,1,3,백금 금속,1,10,화이트엔젤 이동식 링거,1,3,노블레스 골드라인 수건 보관함,1,2,별빛 숲속 캠핑장 스티치 무릎담요,1,2
643,힐링 스파 플로팅 아쿠아 캔들,92,1239928,노블레스 골드라인 샤워기,1,1,화려한 은제 촛대,1,8,별빛 약수,0,7,꿈속의 유니콘 사자의 포효 샘물,1,1,반짝반짝 주황 별모래,1,8
644,꿈속의 유니콘 위싱 웰,98,1458582,별빛 약수,0,1,꿈속의 유니콘 하늘 그네 의자,1,1,반짝반짝 파란 별가루,1,1,꿈속의 유니콘 사자의 포효 샘물,1,1,,,
645,꿈속의 유니콘 징검돌,98,770325,노블레스 실버라인 모노클,1,2,별빛 원석,0,7,에메랄드 귀걸이,1,5,다이아몬드,0,2,별빛 이끼,0,5
646,식물앰플-초급 가속,27,169,오렌지,0,1,파란 별 열매,0,1,데코협회 뱃지,0,1,,,,,,
647,식물앰플-초급 숙련,27,169,오렌지,0,1,빨간 별 열매,0,1,데코협회 뱃지,0,1,,,,,,
648,식물앰플-초급 성장,27,169,오렌지,0,1,초록 별 열매,0,1,데코협회 뱃지,0,1,,,,,,
649,식물앰플-초급 행운,27,169,오렌지,0,1,노란 별 열매,0,1,데코협회 뱃지,0,1,,,,,,
650,동물앰플-초급 가속,27,169,달걀,0,1,파란 별 열매,0,1,데코협회 뱃지,0,1,,,,,,
651,동물앰플-초급 숙련,27,169,달걀,0,1,빨간 별 열매,0,1,데코협회 뱃지,0,1,,,,,,
652,동물앰플-초급 성장,27,169,달걀,0,1,초록 별 열매,0,1,데코협회 뱃지,0,1,,,,,,
653,동물앰플-초급 행운,27,169,달걀,0,1,노란 별 열매,0,1,데코협회 뱃지,0,1,,,,,,
654,광산앰플-초급 가속,27,176,꿀,0,1,파란 별 열매,0,1,데코협회 뱃지,0,1,,,,,,
655,광산앰플-초급 숙련,27,176,꿀,0,1,빨간 별 열매,0,1,데코협회 뱃지,0,1,,,,,,
656,광산앰플-초급 성장,27,176,꿀,0,1,초록 별 열매,0,1,데코협회 뱃지,0,1,,,,,,
657,광산앰플-초급 행운,27,176,꿀,0,1,노란 별 열매,0,1,데코협회 뱃지,0,1,,,,,,
658,낚시앰플-초급 가속,27,210,조개,0,2,파란 별 열매,0,1,데코협회 뱃지,0,1,,,,,,
659,낚시앰플-초급 숙련,27,210,조개,0,2,빨간 별 열매,0,1,데코협회 뱃지,0,1,,,,,,
660,낚시앰플-초급 성장,27,210,조개,0,2,초록 별 열매,0,1,데코협회 뱃지,0,1,,,,,,
661,낚시앰플-초급 꽁치의 행운,27,210,조개,0,2,노란 별 열매,0,1,데코협회 뱃지,0,1,,,,,,
662,식물앰플-중급 가속,30,3161,파란 톱니 물약,1,1,파란 별 열매,0,2,데코협회 감사 뱃지,0,5,,,,,,
663,식물앰플-중급 숙련,30,3161,파란 톱니 물약,1,1,빨간 별 열매,0,2,데코협회 감사 뱃지,0,5,,,,,,
664,식물앰플-중급 성장,30,3161,파란 톱니 물약,1,1,초록 별 열매,0,2,데코협회 감사 뱃지,0,5,,,,,,
665,식물앰플-중급 행운,30,3161,파란 톱니 물약,1,1,노란 별 열매,0,2,데코협회 감사 뱃지,0,5,,,,,,
666,동물앰플-중급 가속,30,3161,파란 톱니 물약,1,1,파란 별 열매,0,2,데코협회 감사 뱃지,0,5,,,,,,
667,동물앰플-중급 숙련,30,3161,파란 톱니 물약,1,1,빨간 별 열매,0,2,데코협회 감사 뱃지,0,5,,,,,,
668,동물앰플-중급 성장,30,3161,파란 톱니 물약,1,1,초록 별 열매,0,2,데코협회 감사 뱃지,0,5,,,,,,
669,동물앰플-중급 행운,30,3161,파란 톱니 물약,1,1,노란 별 열매,0,2,데코협회 감사 뱃지,0,5,,,,,,
670,광산앰플-중급 가속,30,3161,파란 톱니 물약,1,1,파란 별 열매,0,2,데코협회 감사 뱃지,0,5,,,,,,
671,광산앰플-중급 숙련,30,3161,파란 톱니 물약,1,1,빨간 별 열매,0,2,데코협회 감사 뱃지,0,5,,,,,,
672,광산앰플-중급 성장,30,3161,파란 톱니 물약,1,1,초록 별 열매,0,2,데코협회 감사 뱃지,0,5,,,,,,
673,광산앰플-중급 행운,30,3161,파란 톱니 물약,1,1,노란 별 열매,0,2,데코협회 감사 뱃지,0,5,,,,,,
674,낚시앰플-중급 가속,30,3161,파란 톱니 물약,1,1,파란 별 열매,0,2,데코협회 감사 뱃지,0,5,,,,,,
675,낚시앰플-중급 숙련,30,3161,파란 톱니 물약,1,1,빨간 별 열매,0,2,데코협회 감사 뱃지,0,5,,,,,,
676,낚시앰플-중급 성장,30,3161,파란 톱니 물약,1,1,초록 별 열매,0,2,데코협회 감사 뱃지,0,5,,,,,,
677,낚시앰플-중급 꽁치의 행운,30,3161,파란 톱니 물약,1,1,노란 별 열매,0,2,데코협회 감사 뱃지,0,5,,,,,,
678,별님의 프렌들리 미미 캐러포트 파티션,9,368,데코협회 뱃지,0,20,자수정,0,3,가드닝 파티 청정 화분,1,1,데코협회 감사 뱃지,0,135,,,
679,별님의 미미표 특제 샌드위치,10,138,데코협회 감사 뱃지,0,20,초콜릿,1,1,샌드위치,1,1,양배추,0,2,데코협회 뱃지,0,5
680,별님의 프렌들리 미미 페이보릿 가랜드,11,828,데코협회 뱃지,0,30,에메랄드,0,4,대롱대롱 전등 파티션,1,1,데코협회 감사 뱃지,0,255,,,
681,별님의 미미표 초코 퐁당 라이스,12,138,데코협회 감사 뱃지,0,20,초콜릿,1,3,그릇,1,2,데코협회 뱃지,0,5,,,
682,별님의 프렌들리 미미 대형 다과 테이블,12,2482,데코협회 감사 뱃지,0,475,천,1,4,다이아몬드,0,3,가드닝 파티 기다란 테이블,1,1,데코협회 뱃지,0,30
683,별님의 미미표 베리 베지 파르페,13,138,데코협회 뱃지,0,20,데코협회 감사 뱃지,0,5,스위트 바닐라 아이스크림,1,1,유리병,1,1,,,
684,별님의 프렌들리 미미 폼폼래비 체어,13,184,거위털,0,5,가드닝 파티 원목 의자,1,1,데코협회 감사 뱃지,0,75,데코협회 뱃지,0,65,루비,0,1
685,별님의 롭이어 미미 양갈래 헤어,13,662,루비,0,3,데코협회 감사 뱃지,0,235,데코협회 뱃지,0,25,,,,,,
686,별님의 파티시엘 미미 원피스,13,1002,사파이어,0,3,데코협회 감사 뱃지,0,365,데코협회 뱃지,0,35,,,,,,
687,별님의 퀴지니에 미미 원피스,13,1002,사파이어,0,3,데코협회 감사 뱃지,0,365,데코협회 뱃지,0,35,,,,,,
